Day,Time,Sensor id,Installation id,DAQI,PM10 [ug/m3],PM10 [% of WHO guideline],PM2.5 [ug/m3],PM2.5 [% of WHO guideline],PM1 [ug/m3],NO2 [ug/m3],NO2 [% of WHO guideline],NO [ug/m3],O3 [ug/m3],O3 [% of WHO guideline],CO [ug/m3],CO [% of WHO guideline],SO2 [ug/m3],SO2 [% of WHO guideline],H2S [ug/m3],Temperature [Â°C],Wind speed [km/h],Wind bearing,Pressure [hPa],Humidity [%]
Monday,00:00:00,14558,118907.0,2.6,25.9,57.6,17.6,117.1,15.9,,,,,,,,,,,12.6,11.8,216.2,1017.2,90.3
Monday,00:00:00,14878,118912.0,2.3,21.1,46.9,13.2,87.9,12.7,,,,,,,,,,,12.4,11.8,215.9,1016.7,90.2
Monday,00:00:00,14882,118909.0,2.6,25.5,56.6,17.0,113.5,15.7,,,,,,,,,,,12.3,11.9,216.3,1016.7,91.0
Monday,00:00:00,14901,118908.0,2.4,23.2,51.5,15.4,102.9,14.6,,,,,,,,,,,12.6,12.8,243.5,1014.7,90.3
Monday,01:00:00,14558,118907.0,2.1,18.5,41.1,11.2,74.9,10.1,,,,,,,,,,,12.1,11.2,220.0,1017.1,90.9
Monday,01:00:00,14878,118912.0,2.1,17.2,38.2,9.9,66.2,9.3,,,,,,,,,,,12.1,11.2,219.7,1016.6,90.6
Monday,01:00:00,14882,118909.0,2.2,18.7,41.5,11.1,74.2,10.4,,,,,,,,,,,11.9,11.3,220.0,1016.7,91.5
Monday,01:00:00,14901,118908.0,1.9,15.4,34.2,8.3,55.6,7.9,,,,,,,,,,,12.1,12.1,246.9,1014.7,91.0
Monday,02:00:00,14558,118907.0,2.0,16.7,37.1,9.8,65.6,8.6,,,,,,,,,,,12.0,11.3,224.9,1016.9,90.9
Monday,02:00:00,14878,118912.0,2.0,15.8,35.2,8.9,59.2,8.2,,,,,,,,,,,12.0,11.4,224.9,1016.4,90.6
Monday,02:00:00,14882,118909.0,2.0,16.4,36.4,9.0,60.0,8.4,,,,,,,,,,,11.8,11.4,224.8,1016.5,91.5
Monday,02:00:00,14901,118908.0,2.0,16.1,35.8,9.0,60.0,8.4,,,,,,,,,,,11.9,12.3,252.6,1014.5,91.0
Monday,03:00:00,14558,118907.0,1.9,14.9,33.2,8.2,54.7,7.2,,,,,,,,,,,12.0,11.5,229.0,1016.8,90.3
Monday,03:00:00,14878,118912.0,1.9,14.7,32.7,7.9,52.4,7.2,,,,,,,,,,,11.9,11.4,228.8,1016.4,90.1
Monday,03:00:00,14882,118909.0,1.9,15.0,33.3,7.6,50.6,7.0,,,,,,,,,,,11.7,11.5,229.0,1016.4,91.0
Monday,03:00:00,14901,118908.0,1.9,15.3,34.0,8.1,53.8,7.3,,,,,,,,,,,11.9,12.5,257.3,1014.4,90.4
Monday,04:00:00,14558,118907.0,1.9,14.3,31.8,7.1,47.6,5.9,,,,,,,,,,,11.8,11.6,232.7,1016.9,89.7
Monday,04:00:00,14878,118912.0,1.8,12.5,27.8,5.7,37.7,4.9,,,,,,,,,,,11.7,11.6,232.6,1016.5,89.5
Monday,04:00:00,14882,118909.0,1.9,14.3,31.8,6.7,44.8,5.9,,,,,,,,,,,11.5,11.6,232.6,1016.5,90.4
Monday,04:00:00,14901,118908.0,1.8,12.9,28.7,5.5,36.6,4.6,,,,,,,,,,,11.6,12.7,262.5,1014.6,89.6
Monday,05:00:00,14558,118907.0,2.0,16.1,35.8,8.4,56.1,6.6,,,,,,,,,,,11.4,11.7,235.8,1017.1,89.4
Monday,05:00:00,14878,118912.0,1.8,13.1,29.2,6.1,40.5,5.1,,,,,,,,,,,11.3,11.7,235.8,1016.6,89.3
Monday,05:00:00,14882,118909.0,2.0,16.9,37.5,8.9,59.5,7.4,,,,,,,,,,,11.1,11.7,235.8,1016.6,90.0
Monday,05:00:00,14901,118908.0,1.8,14.1,31.3,6.2,41.3,4.8,,,,,,,,,,,11.2,12.8,266.6,1014.8,89.2
Monday,06:00:00,14558,118907.0,2.2,20.0,44.5,11.0,73.6,8.6,,,,,,,,,,,10.9,11.5,240.0,1017.2,89.6
Monday,06:00:00,14878,118912.0,2.0,16.2,35.9,8.7,57.7,7.7,,,,,,,,,,,10.9,11.5,239.6,1016.7,89.6
Monday,06:00:00,14882,118909.0,2.1,18.7,41.5,10.4,69.2,8.6,,,,,,,,,,,10.7,11.5,239.5,1016.8,90.2
Monday,06:00:00,14901,118908.0,2.1,18.0,39.9,8.8,58.3,7.1,,,,,,,,,,,10.9,12.5,271.4,1014.9,89.2
Monday,07:00:00,14558,118907.0,2.6,26.9,59.7,17.3,115.5,15.1,,,,,,,,,,,10.9,11.2,241.9,1017.6,89.3
Monday,07:00:00,14878,118912.0,2.0,16.3,36.1,8.6,57.6,7.5,,,,,,,,,,,10.8,11.3,241.9,1017.1,89.1
Monday,07:00:00,14882,118909.0,2.4,22.3,49.5,14.0,93.5,12.5,,,,,,,,,,,10.6,11.3,241.8,1017.2,90.0
Monday,07:00:00,14901,118908.0,2.1,18.2,40.5,9.8,65.6,8.4,,,,,,,,,,,10.8,12.1,274.3,1015.4,89.2
Monday,08:00:00,14558,118907.0,5.0,50.6,112.4,38.4,256.2,36.0,,,,,,,,,,,11.0,11.2,244.4,1018.1,88.4
Monday,08:00:00,14878,118912.0,4.4,38.9,86.5,31.5,210.2,32.6,,,,,,,,,,,10.8,11.2,244.3,1017.6,88.4
Monday,08:00:00,14882,118909.0,8.0,68.6,152.4,57.8,385.5,54.4,,,,,,,,,,,10.7,11.2,244.4,1017.7,88.9
Monday,08:00:00,14901,118908.0,2.8,30.2,67.2,20.5,136.4,18.6,,,,,,,,,,,10.8,12.0,277.2,1015.9,88.3
Monday,09:00:00,14558,118907.0,6.4,58.2,129.4,47.2,314.5,45.8,,,,,,,,,,,11.2,11.8,249.4,1018.4,87.4
Monday,09:00:00,14878,118912.0,4.1,39.7,88.3,30.9,206.0,31.0,,,,,,,,,,,11.1,11.7,249.1,1017.9,87.5
Monday,09:00:00,14882,118909.0,7.3,64.1,142.4,52.9,352.5,50.0,,,,,,,,,,,11.0,11.8,249.2,1018.0,87.9
Monday,09:00:00,14901,118908.0,4.1,42.1,93.5,32.2,214.7,32.0,,,,,,,,,,,11.3,12.5,281.4,1016.2,87.2
Monday,10:00:00,14558,118907.0,4.0,42.5,94.5,31.3,208.8,29.0,,,,,,,,,,,12.0,12.5,253.0,1018.7,84.4
Monday,10:00:00,14878,118912.0,5.0,46.8,104.0,37.1,247.2,36.0,,,,,,,,,,,11.9,12.4,252.8,1018.3,84.7
Monday,10:00:00,14882,118909.0,4.3,44.2,98.2,33.4,222.9,31.1,,,,,,,,,,,11.6,12.5,253.0,1018.3,85.0
Monday,10:00:00,14901,118908.0,2.8,28.7,63.7,20.0,133.6,19.5,,,,,,,,,,,11.9,13.2,284.7,1016.7,84.6
Monday,11:00:00,14558,118907.0,4.7,48.2,107.2,35.7,237.8,30.3,,,,,,,,,,,13.0,12.8,198.5,1018.6,80.8
Monday,11:00:00,14878,118912.0,10.7,81.9,182.1,72.0,480.3,66.7,,,,,,,,,,,12.9,12.8,198.3,1018.1,80.9
Monday,11:00:00,14882,118909.0,4.6,46.9,104.2,36.5,243.6,33.4,,,,,,,,,,,12.6,12.8,198.5,1018.1,81.5
Monday,11:00:00,14901,118908.0,2.4,22.6,50.2,14.8,98.7,13.7,,,,,,,,,,,12.6,13.6,218.4,1016.6,81.2
Monday,12:00:00,14558,118907.0,6.2,56.8,126.2,45.0,300.0,42.1,,,,,,,,,,,13.8,12.7,220.6,1018.4,78.7
Monday,12:00:00,14878,118912.0,18.1,126.1,280.1,117.4,782.6,111.5,,,,,,,,,,,13.7,12.7,217.2,1017.9,78.9
Monday,12:00:00,14882,118909.0,7.5,63.5,141.2,53.9,359.2,51.1,,,,,,,,,,,13.3,12.7,217.2,1017.9,80.0
Monday,12:00:00,14901,118908.0,3.3,31.4,69.7,22.9,152.4,22.3,,,,,,,,,,,13.1,13.5,240.8,1016.6,78.8
Monday,13:00:00,14558,118907.0,8.3,73.9,164.3,59.4,396.3,52.2,,,,,,,,,,,14.3,13.1,225.2,1018.4,76.5
Monday,13:00:00,14878,118912.0,12.9,96.9,215.2,87.3,582.0,84.0,,,,,,,,,,,14.2,13.1,225.3,1017.8,76.5
Monday,13:00:00,14882,118909.0,8.5,73.0,162.1,61.6,410.9,54.8,,,,,,,,,,,13.8,13.0,225.2,1017.9,77.8
Monday,13:00:00,14901,118908.0,6.1,54.2,120.5,44.1,293.7,40.2,,,,,,,,,,,13.6,14.0,251.3,1016.6,76.5
Monday,14:00:00,14558,118907.0,6.6,63.4,140.9,50.3,335.2,44.8,,,,,,,,,,,14.6,12.9,223.6,1018.4,75.0
Monday,14:00:00,14878,118912.0,15.2,110.5,245.6,101.9,679.5,101.3,,,,,,,,,,,14.5,12.9,223.7,1017.8,74.6
Monday,14:00:00,14882,118909.0,7.7,68.7,152.6,56.8,379.0,51.0,,,,,,,,,,,14.1,12.9,223.7,1017.9,76.4
Monday,14:00:00,14901,118908.0,4.5,49.6,110.1,37.3,248.9,34.5,,,,,,,,,,,13.8,13.8,250.2,1016.6,75.3
Monday,15:00:00,14558,118907.0,6.2,58.6,130.1,47.1,313.8,43.3,,,,,,,,,,,14.0,12.6,219.7,1018.5,75.6
Monday,15:00:00,14878,118912.0,12.4,95.5,212.1,85.1,567.4,79.7,,,,,,,,,,,14.1,12.6,219.8,1018.0,74.7
Monday,15:00:00,14882,118909.0,7.6,66.7,148.2,56.4,376.0,50.7,,,,,,,,,,,13.7,12.6,220.1,1018.0,76.7
Monday,15:00:00,14901,118908.0,4.8,51.3,114.0,38.9,259.5,36.1,,,,,,,,,,,13.4,13.5,246.1,1016.9,75.9
Monday,16:00:00,14558,118907.0,6.2,60.5,134.4,48.6,324.0,43.8,,,,,,,,,,,13.4,12.3,216.2,1018.7,78.0
Monday,16:00:00,14878,118912.0,17.1,122.6,272.5,113.2,754.8,108.1,,,,,,,,,,,13.5,12.3,216.2,1018.2,76.7
Monday,16:00:00,14882,118909.0,8.5,72.1,160.3,61.6,410.9,55.1,,,,,,,,,,,13.1,12.2,216.5,1018.3,79.1
Monday,16:00:00,14901,118908.0,4.2,48.6,108.1,35.6,237.2,33.2,,,,,,,,,,,12.8,13.2,242.5,1017.2,78.0
Monday,17:00:00,14558,118907.0,6.9,64.1,142.5,51.7,344.6,46.0,,,,,,,,,,,12.8,12.1,215.6,1018.9,80.6
Monday,17:00:00,14878,118912.0,12.1,93.8,208.4,83.2,554.6,79.0,,,,,,,,,,,12.9,12.1,215.5,1018.4,78.7
Monday,17:00:00,14882,118909.0,8.8,74.9,166.4,63.7,424.7,56.0,,,,,,,,,,,12.5,12.0,215.7,1018.4,81.7
Monday,17:00:00,14901,118908.0,4.3,47.1,104.7,35.3,235.2,32.8,,,,,,,,,,,12.4,13.0,241.7,1017.4,80.2
Monday,18:00:00,14558,118907.0,7.1,63.8,141.8,52.5,350.2,47.8,,,,,,,,,,,12.4,11.8,217.5,1019.1,83.1
Monday,18:00:00,14878,118912.0,12.6,97.3,216.3,86.6,577.5,81.4,,,,,,,,,,,12.5,11.9,217.3,1018.6,81.5
Monday,18:00:00,14882,118909.0,9.9,79.8,177.4,69.8,465.5,62.4,,,,,,,,,,,12.2,11.8,217.3,1018.7,84.0
Monday,18:00:00,14901,118908.0,4.8,50.8,113.0,38.5,256.7,35.8,,,,,,,,,,,11.9,12.7,244.0,1017.7,82.5
Monday,19:00:00,14558,118907.0,7.7,68.9,153.2,56.3,375.2,51.5,,,,,,,,,,,12.1,11.5,221.4,1019.1,84.9
Monday,19:00:00,14878,118912.0,11.7,91.8,204.0,81.1,540.3,77.3,,,,,,,,,,,12.3,11.6,221.0,1018.6,83.3
Monday,19:00:00,14882,118909.0,10.6,86.2,191.5,74.2,494.6,66.2,,,,,,,,,,,12.0,11.5,221.3,1018.7,85.6
Monday,19:00:00,14901,118908.0,5.0,51.2,113.7,39.0,260.1,36.5,,,,,,,,,,,11.6,12.5,247.9,1017.7,84.4
Monday,20:00:00,14558,118907.0,7.8,69.2,153.9,56.4,376.1,51.7,,,,,,,,,,,12.0,11.3,225.1,1019.0,86.3
Monday,20:00:00,14878,118912.0,11.7,89.9,199.8,79.8,532.2,76.8,,,,,,,,,,,12.2,11.3,225.0,1018.5,84.7
Monday,20:00:00,14882,118909.0,9.7,80.2,178.2,68.6,457.3,61.9,,,,,,,,,,,11.9,11.3,225.3,1018.5,86.9
Monday,20:00:00,14901,118908.0,6.0,57.5,127.8,45.7,304.8,42.9,,,,,,,,,,,11.5,12.2,252.2,1017.6,85.6
Monday,21:00:00,14558,118907.0,5.9,55.0,122.1,43.8,291.7,40.5,,,,,,,,,,,11.8,11.0,230.8,1018.8,87.3
Monday,21:00:00,14878,118912.0,8.2,67.4,149.8,57.8,385.3,56.0,,,,,,,,,,,12.0,11.0,230.5,1018.3,86.0
Monday,21:00:00,14882,118909.0,7.2,62.6,139.1,52.4,349.7,47.8,,,,,,,,,,,11.7,11.0,230.6,1018.4,87.7
Monday,21:00:00,14901,118908.0,4.2,45.5,101.1,34.1,227.4,32.5,,,,,,,,,,,11.3,12.0,259.2,1017.5,86.9
Monday,22:00:00,14558,118907.0,3.4,37.8,84.0,26.9,179.2,25.1,,,,,,,,,,,11.5,10.6,232.1,1018.6,87.3
Monday,22:00:00,14878,118912.0,4.5,42.1,93.7,33.5,223.4,33.2,,,,,,,,,,,11.7,10.6,231.4,1018.1,86.6
Monday,22:00:00,14882,118909.0,4.2,42.7,94.8,31.8,212.1,29.2,,,,,,,,,,,11.4,10.6,231.5,1018.2,87.7
Monday,22:00:00,14901,118908.0,2.9,31.5,70.0,22.2,148.3,21.3,,,,,,,,,,,11.0,11.7,260.7,1017.3,87.2
Monday,23:00:00,14558,118907.0,2.6,25.9,57.5,17.2,114.9,15.6,,,,,,,,,,,10.9,11.0,236.7,1018.5,87.7
Monday,23:00:00,14878,118912.0,2.7,26.9,59.8,18.3,122.0,17.7,,,,,,,,,,,11.0,11.1,236.7,1018.0,87.2
Monday,23:00:00,14882,118909.0,2.7,27.4,60.8,18.5,123.6,17.3,,,,,,,,,,,10.8,11.0,236.4,1018.1,88.2
Monday,23:00:00,14901,118908.0,2.2,19.5,43.4,12.1,80.9,11.5,,,,,,,,,,,10.6,12.3,268.1,1017.2,87.3
Tuesday,00:00:00,14558,118907.0,2.1,18.5,41.1,10.7,71.2,9.2,,,,,,,,,,,10.5,11.2,239.4,1018.4,88.6
Tuesday,00:00:00,14878,118912.0,2.0,17.1,38.0,9.4,62.7,8.5,,,,,,,,,,,10.5,11.2,239.4,1017.9,88.1
Tuesday,00:00:00,14882,118909.0,2.1,18.6,41.4,10.6,70.5,9.6,,,,,,,,,,,10.4,11.2,239.4,1017.9,88.9
Tuesday,00:00:00,14901,118908.0,1.8,13.7,30.4,6.5,43.3,6.0,,,,,,,,,,,10.1,12.5,271.7,1017.1,88.1
Tuesday,01:00:00,14558,118907.0,2.0,16.0,35.6,8.2,54.9,6.9,,,,,,,,,,,10.3,10.8,239.2,1019.3,89.8
Tuesday,01:00:00,14878,118912.0,1.9,15.2,33.8,7.5,49.8,6.5,,,,,,,,,,,10.3,11.2,240.5,1017.9,88.7
Tuesday,01:00:00,14882,118909.0,2.0,16.1,35.7,8.2,54.5,7.4,,,,,,,,,,,10.2,10.8,239.0,1018.9,90.1
Tuesday,01:00:00,14901,118908.0,1.7,11.9,26.6,4.6,31.0,4.1,,,,,,,,,,,10.0,11.8,266.1,1018.4,89.3
Tuesday,02:00:00,14558,118907.0,2.0,16.9,37.6,9.2,61.1,7.6,,,,,,,,,,,10.1,10.7,240.2,1019.3,90.5
Tuesday,02:00:00,14878,118912.0,1.9,15.2,33.8,7.5,50.2,6.5,,,,,,,,,,,10.1,11.1,241.3,1017.9,89.3
Tuesday,02:00:00,14882,118909.0,2.0,16.8,37.4,8.9,59.2,7.9,,,,,,,,,,,10.0,10.7,240.1,1018.9,90.7
Tuesday,02:00:00,14901,118908.0,1.7,12.4,27.5,5.0,33.4,4.4,,,,,,,,,,,9.8,11.7,267.3,1018.5,89.9
Tuesday,03:00:00,14558,118907.0,2.0,16.3,36.1,8.4,56.1,6.9,,,,,,,,,,,9.9,10.6,240.9,1019.4,91.1
Tuesday,03:00:00,14878,118912.0,1.9,15.4,34.2,7.6,50.7,6.5,,,,,,,,,,,10.0,10.9,242.2,1018.0,89.8
Tuesday,03:00:00,14882,118909.0,2.0,16.5,36.6,8.3,55.0,7.1,,,,,,,,,,,9.8,10.6,240.9,1019.1,91.3
Tuesday,03:00:00,14901,118908.0,1.7,11.9,26.5,4.6,30.3,3.8,,,,,,,,,,,9.7,11.7,267.9,1018.6,90.6
Tuesday,04:00:00,14558,118907.0,2.1,17.8,39.5,9.8,65.6,8.0,,,,,,,,,,,9.8,10.9,242.2,1019.7,91.4
Tuesday,04:00:00,14878,118912.0,2.0,15.9,35.4,8.0,53.6,6.8,,,,,,,,,,,9.8,11.2,244.4,1018.2,90.3
Tuesday,04:00:00,14882,118909.0,2.1,18.4,40.9,10.1,67.4,8.7,,,,,,,,,,,9.6,10.9,242.2,1019.3,91.6
Tuesday,04:00:00,14901,118908.0,1.7,12.5,27.7,5.1,34.1,4.4,,,,,,,,,,,9.6,12.0,269.6,1019.0,90.9
Tuesday,05:00:00,14558,118907.0,2.3,20.9,46.5,12.2,81.1,9.9,,,,,,,,,,,10.0,10.8,246.7,1019.8,91.0
Tuesday,05:00:00,14878,118912.0,2.0,17.2,38.3,9.3,62.0,8.2,,,,,,,,,,,10.0,11.2,249.6,1018.4,90.2
Tuesday,05:00:00,14882,118909.0,2.2,19.8,44.0,11.4,76.1,9.9,,,,,,,,,,,9.7,10.8,246.4,1019.5,91.5
Tuesday,05:00:00,14901,118908.0,1.9,15.1,33.5,7.1,47.5,6.0,,,,,,,,,,,9.7,12.0,275.2,1019.1,90.7
Tuesday,06:00:00,14558,118907.0,2.3,21.3,47.4,12.6,84.3,10.4,,,,,,,,,,,9.9,10.5,203.3,1020.0,90.9
Tuesday,06:00:00,14878,118912.0,2.0,17.2,38.2,9.2,61.6,8.1,,,,,,,,,,,9.7,10.9,199.3,1018.5,90.4
Tuesday,06:00:00,14882,118909.0,2.3,20.8,46.2,12.2,81.1,10.4,,,,,,,,,,,9.4,10.5,203.4,1019.6,91.8
Tuesday,06:00:00,14901,118908.0,2.0,16.0,35.6,8.0,53.4,6.8,,,,,,,,,,,9.3,11.7,224.3,1019.3,91.0
Tuesday,07:00:00,14558,118907.0,2.4,23.8,52.8,14.8,98.4,12.8,,,,,,,,,,,9.5,10.3,207.4,1020.4,91.2
Tuesday,07:00:00,14878,118912.0,2.1,17.5,38.8,9.4,62.7,8.2,,,,,,,,,,,9.4,10.6,204.1,1018.8,90.0
Tuesday,07:00:00,14882,118909.0,2.3,20.8,46.2,12.3,82.1,10.8,,,,,,,,,,,9.2,10.3,207.3,1020.0,91.7
Tuesday,07:00:00,14901,118908.0,2.1,18.0,40.0,10.1,67.0,9.0,,,,,,,,,,,9.0,11.5,228.6,1019.6,91.2
Tuesday,08:00:00,14558,118907.0,4.0,39.7,88.2,28.9,192.8,25.6,,,,,,,,,,,9.7,10.4,209.6,1020.9,90.5
Tuesday,08:00:00,14878,118912.0,2.5,22.6,50.3,14.4,96.2,13.7,,,,,,,,,,,9.4,10.6,207.0,1019.3,89.9
Tuesday,08:00:00,14882,118909.0,8.9,71.1,157.9,60.5,403.3,52.0,,,,,,,,,,,9.3,10.4,209.6,1020.5,91.1
Tuesday,08:00:00,14901,118908.0,2.1,17.7,39.2,9.5,63.7,8.4,,,,,,,,,,,9.1,11.7,230.9,1020.2,90.6
Tuesday,09:00:00,14558,118907.0,10.7,88.5,196.7,71.9,479.3,62.3,,,,,,,,,,,10.5,10.6,162.8,1021.2,88.6
Tuesday,09:00:00,14878,118912.0,2.7,26.6,59.1,17.5,116.7,16.5,,,,,,,,,,,9.9,10.7,152.1,1019.5,88.4
Tuesday,09:00:00,14882,118909.0,13.6,106.9,237.5,90.7,604.8,71.1,,,,,,,,,,,10.0,10.7,162.7,1020.7,89.3
Tuesday,09:00:00,14901,118908.0,6.0,52.1,115.8,41.8,278.9,39.8,,,,,,,,,,,9.8,12.0,174.5,1020.4,88.6
Tuesday,10:00:00,14558,118907.0,6.1,60.7,134.8,44.9,299.5,37.7,,,,,,,,,,,11.5,11.1,170.2,1021.5,85.6
Tuesday,10:00:00,14878,118912.0,6.0,53.8,119.6,44.5,296.4,45.1,,,,,,,,,,,10.8,10.9,160.4,1019.8,86.4
Tuesday,10:00:00,14882,118909.0,7.9,69.4,154.2,55.4,369.4,45.8,,,,,,,,,,,10.9,11.1,170.2,1021.0,86.4
Tuesday,10:00:00,14901,118908.0,3.5,34.8,77.4,25.1,167.4,23.4,,,,,,,,,,,10.9,12.5,179.4,1020.7,85.5
Tuesday,11:00:00,14558,118907.0,6.5,64.8,144.0,47.9,319.6,40.2,,,,,,,,,,,12.8,11.7,193.9,1021.5,81.6
Tuesday,11:00:00,14878,118912.0,7.7,66.4,147.5,56.5,376.8,55.0,,,,,,,,,,,12.0,11.2,186.5,1019.7,82.5
Tuesday,11:00:00,14882,118909.0,5.8,55.2,122.6,44.0,293.4,38.1,,,,,,,,,,,12.2,11.7,194.0,1020.9,82.4
Tuesday,11:00:00,14901,118908.0,3.1,33.9,75.4,24.4,162.8,23.1,,,,,,,,,,,12.2,13.2,185.6,1020.6,81.3
Tuesday,12:00:00,14558,118907.0,7.9,72.1,160.3,57.0,380.1,50.3,,,,,,,,,,,14.0,12.5,203.4,1021.4,78.5
Tuesday,12:00:00,14878,118912.0,11.5,90.1,200.2,79.9,532.4,77.2,,,,,,,,,,,13.4,12.5,203.2,1020.9,79.6
Tuesday,12:00:00,14882,118909.0,9.6,79.0,175.7,67.9,452.7,60.9,,,,,,,,,,,13.3,12.5,203.3,1020.9,79.7
Tuesday,12:00:00,14901,118908.0,3.8,40.2,89.3,30.1,200.5,29.6,,,,,,,,,,,13.4,14.0,191.8,1020.6,77.9
Tuesday,13:00:00,14558,118907.0,8.7,79.7,177.2,63.2,421.6,56.8,,,,,,,,,,,14.7,12.7,209.3,1021.4,76.3
Tuesday,13:00:00,14878,118912.0,17.8,125.5,279.0,117.5,783.4,116.3,,,,,,,,,,,14.1,12.7,209.2,1020.9,77.0
Tuesday,13:00:00,14882,118909.0,10.6,85.8,190.6,74.4,496.0,67.6,,,,,,,,,,,14.0,12.7,209.2,1020.9,77.6
Tuesday,13:00:00,14901,118908.0,4.0,44.6,99.1,33.6,223.7,33.2,,,,,,,,,,,14.2,14.2,195.7,1020.6,75.7
Tuesday,14:00:00,14558,118907.0,7.3,70.3,156.2,54.9,365.8,50.0,,,,,,,,,,,15.0,11.9,212.5,1021.6,74.7
Tuesday,14:00:00,14878,118912.0,11.5,88.6,196.9,79.4,529.2,78.4,,,,,,,,,,,14.4,12.0,212.3,1021.0,75.3
Tuesday,14:00:00,14882,118909.0,7.8,68.9,153.1,57.8,385.3,52.8,,,,,,,,,,,14.3,11.9,212.5,1021.0,75.9
Tuesday,14:00:00,14901,118908.0,4.4,47.4,105.4,36.1,240.4,36.3,,,,,,,,,,,14.4,13.3,197.0,1020.7,74.2
Tuesday,15:00:00,14558,118907.0,6.0,60.5,134.5,45.9,306.2,40.7,,,,,,,,,,,14.7,10.9,214.5,1021.8,74.5
Tuesday,15:00:00,14878,118912.0,13.2,100.3,222.9,90.1,600.5,87.5,,,,,,,,,,,14.1,10.9,214.5,1021.2,74.9
Tuesday,15:00:00,14882,118909.0,7.3,66.5,147.9,55.0,366.6,49.6,,,,,,,,,,,14.1,10.9,214.5,1021.2,75.6
Tuesday,15:00:00,14901,118908.0,3.4,38.8,86.3,28.5,190.3,27.5,,,,,,,,,,,14.1,12.2,199.1,1020.9,73.9
Tuesday,16:00:00,14558,118907.0,5.5,52.3,116.3,40.6,270.6,36.5,,,,,,,,,,,14.2,9.5,215.2,1022.2,76.5
Tuesday,16:00:00,14878,118912.0,9.4,77.3,171.7,67.2,448.2,65.7,,,,,,,,,,,13.6,9.5,215.3,1021.6,77.0
Tuesday,16:00:00,14882,118909.0,6.7,60.4,134.2,50.2,334.3,45.2,,,,,,,,,,,13.5,9.5,215.2,1021.6,77.7
Tuesday,16:00:00,14901,118908.0,3.0,32.5,72.3,23.6,157.5,23.0,,,,,,,,,,,13.6,10.7,200.7,1021.3,75.8
Tuesday,17:00:00,14558,118907.0,5.7,55.7,123.8,43.0,287.0,39.4,,,,,,,,,,,13.6,8.4,212.1,1022.7,79.6
Tuesday,17:00:00,14878,118912.0,11.9,91.7,203.8,82.0,546.9,79.8,,,,,,,,,,,12.9,8.4,210.9,1022.1,79.6
Tuesday,17:00:00,14882,118909.0,7.1,65.8,146.2,53.9,359.3,48.9,,,,,,,,,,,12.9,8.4,210.8,1022.1,80.8
Tuesday,17:00:00,14901,118908.0,3.0,32.0,71.1,23.3,155.2,22.4,,,,,,,,,,,12.8,9.4,200.5,1021.8,78.7
Tuesday,18:00:00,14558,118907.0,6.8,64.4,143.1,50.8,338.5,46.8,,,,,,,,,,,12.7,7.9,224.5,1023.2,82.3
Tuesday,18:00:00,14878,118912.0,18.0,127.6,283.6,118.6,790.9,115.6,,,,,,,,,,,12.2,7.9,224.5,1022.6,82.1
Tuesday,18:00:00,14882,118909.0,8.9,76.7,170.5,64.8,431.8,59.7,,,,,,,,,,,12.2,7.9,224.5,1022.6,83.7
Tuesday,18:00:00,14901,118908.0,3.4,39.0,86.6,28.5,190.1,27.4,,,,,,,,,,,12.1,8.7,218.8,1022.3,81.3
Tuesday,19:00:00,14558,118907.0,8.5,74.7,166.0,60.9,406.3,55.9,,,,,,,,,,,12.0,7.6,222.4,1023.6,84.7
Tuesday,19:00:00,14878,118912.0,20.8,146.3,325.1,135.2,901.4,124.2,,,,,,,,,,,11.7,7.6,222.8,1023.0,84.0
Tuesday,19:00:00,14882,118909.0,11.3,89.6,199.1,78.2,521.3,70.5,,,,,,,,,,,11.7,7.6,222.9,1023.1,85.9
Tuesday,19:00:00,14901,118908.0,4.6,47.5,105.5,36.4,243.0,35.2,,,,,,,,,,,11.5,8.4,215.3,1022.8,83.5
Tuesday,20:00:00,14558,118907.0,8.5,74.5,165.6,61.1,407.0,56.5,,,,,,,,,,,11.6,7.4,214.9,1023.8,86.4
Tuesday,20:00:00,14878,118912.0,14.7,109.5,243.3,99.3,661.7,94.2,,,,,,,,,,,11.2,7.4,215.9,1023.3,85.8
Tuesday,20:00:00,14882,118909.0,10.0,82.5,183.3,71.1,474.2,65.1,,,,,,,,,,,11.2,7.4,215.0,1023.3,87.3
Tuesday,20:00:00,14901,118908.0,5.8,54.8,121.8,43.7,291.4,42.5,,,,,,,,,,,11.0,7.9,205.1,1023.0,85.4
Tuesday,21:00:00,14558,118907.0,7.0,64.5,143.4,51.2,341.0,46.5,,,,,,,,,,,11.4,7.4,204.9,1024.0,87.3
Tuesday,21:00:00,14878,118912.0,16.7,119.5,265.5,110.0,733.4,103.3,,,,,,,,,,,10.9,7.4,205.7,1023.4,87.2
Tuesday,21:00:00,14882,118909.0,7.9,69.2,153.7,57.8,385.4,52.3,,,,,,,,,,,11.0,7.4,205.6,1023.5,87.9
Tuesday,21:00:00,14901,118908.0,4.4,44.4,98.6,34.1,227.0,32.9,,,,,,,,,,,10.7,7.9,193.7,1023.1,86.4
Tuesday,22:00:00,14558,118907.0,5.1,50.1,111.3,37.9,252.4,33.8,,,,,,,,,,,10.8,7.6,204.6,1024.1,88.0
Tuesday,22:00:00,14878,118912.0,8.0,68.5,152.1,57.9,385.7,54.8,,,,,,,,,,,10.3,7.6,204.7,1023.6,88.3
Tuesday,22:00:00,14882,118909.0,5.0,50.0,111.2,39.4,262.5,35.7,,,,,,,,,,,10.5,7.6,204.7,1023.6,88.5
Tuesday,22:00:00,14901,118908.0,3.3,35.5,78.8,25.9,172.5,24.8,,,,,,,,,,,10.2,8.1,192.2,1023.2,87.3
Tuesday,23:00:00,14558,118907.0,4.2,40.9,90.8,29.7,198.2,25.1,,,,,,,,,,,9.8,7.7,210.1,1024.3,89.5
Tuesday,23:00:00,14878,118912.0,3.4,35.6,79.1,26.2,174.8,25.1,,,,,,,,,,,9.7,7.7,209.6,1023.8,90.0
Tuesday,23:00:00,14882,118909.0,4.1,39.5,87.9,30.5,203.2,27.2,,,,,,,,,,,9.7,7.7,209.7,1023.8,89.9
Tuesday,23:00:00,14901,118908.0,2.6,26.6,59.2,18.6,124.0,17.9,,,,,,,,,,,9.6,8.3,197.8,1023.4,88.6
Wednesday,00:00:00,14558,118907.0,4.0,37.9,84.1,26.9,179.6,22.4,,,,,,,,,,,9.5,7.8,212.9,1024.3,90.8
Wednesday,00:00:00,14878,118912.0,2.9,29.2,65.0,20.5,136.5,19.8,,,,,,,,,,,9.4,7.8,213.0,1023.8,91.2
Wednesday,00:00:00,14882,118909.0,3.9,35.3,78.5,26.3,175.5,23.4,,,,,,,,,,,9.4,7.8,212.9,1023.8,91.1
Wednesday,00:00:00,14901,118908.0,2.5,23.9,53.1,16.4,109.0,16.0,,,,,,,,,,,9.2,8.6,201.9,1023.4,90.1
Wednesday,01:00:00,14558,118907.0,3.9,35.0,77.7,23.8,158.6,18.4,,,,,,,,,,,9.1,8.2,204.0,1024.2,91.4
Wednesday,01:00:00,14878,118912.0,2.6,24.4,54.3,16.2,108.0,15.3,,,,,,,,,,,9.1,8.1,204.1,1023.7,91.6
Wednesday,01:00:00,14882,118909.0,3.3,29.2,65.0,20.4,135.8,17.1,,,,,,,,,,,9.0,8.1,203.1,1023.8,91.7
Wednesday,01:00:00,14901,118908.0,2.2,19.2,42.6,11.8,79.0,11.4,,,,,,,,,,,8.0,10.1,167.3,1022.4,89.7
Wednesday,02:00:00,14558,118907.0,4.4,39.3,87.3,25.9,172.8,18.6,,,,,,,,,,,8.8,8.5,206.2,1024.0,92.0
Wednesday,02:00:00,14878,118912.0,2.4,21.8,48.5,13.7,91.3,12.7,,,,,,,,,,,8.8,8.6,206.3,1023.5,92.0
Wednesday,02:00:00,14882,118909.0,3.4,29.8,66.1,20.0,133.3,15.9,,,,,,,,,,,8.7,8.6,206.4,1023.6,92.2
Wednesday,02:00:00,14901,118908.0,2.1,17.3,38.4,9.9,66.3,9.5,,,,,,,,,,,7.8,10.6,166.2,1022.1,90.0
Wednesday,03:00:00,14558,118907.0,4.5,40.3,89.6,26.1,173.9,18.2,,,,,,,,,,,8.6,8.5,207.5,1023.8,92.8
Wednesday,03:00:00,14878,118912.0,2.3,21.2,47.2,13.2,87.7,12.2,,,,,,,,,,,8.7,8.5,207.4,1023.4,92.8
Wednesday,03:00:00,14882,118909.0,3.4,29.4,65.4,19.4,129.3,15.1,,,,,,,,,,,8.5,8.5,207.5,1023.4,93.0
Wednesday,03:00:00,14901,118908.0,2.0,16.8,37.3,9.4,62.5,8.9,,,,,,,,,,,7.7,10.7,165.6,1021.7,90.8
Wednesday,04:00:00,14558,118907.0,4.5,41.2,91.6,26.9,179.4,19.0,,,,,,,,,,,8.8,7.8,183.7,1023.7,92.9
Wednesday,04:00:00,14878,118912.0,2.3,20.7,45.9,12.7,84.7,11.7,,,,,,,,,,,8.8,7.8,182.5,1023.3,92.9
Wednesday,04:00:00,14882,118909.0,3.4,29.8,66.3,19.8,132.0,15.5,,,,,,,,,,,8.6,7.8,183.7,1023.3,93.1
Wednesday,04:00:00,14901,118908.0,2.1,17.4,38.6,9.9,65.9,9.2,,,,,,,,,,,7.8,9.8,168.1,1021.5,90.8
Wednesday,05:00:00,14558,118907.0,4.8,44.4,98.7,29.3,195.6,20.5,,,,,,,,,,,9.0,6.8,189.1,1023.8,92.7
Wednesday,05:00:00,14878,118912.0,2.3,21.1,46.8,13.0,86.9,11.9,,,,,,,,,,,8.8,6.9,189.0,1023.3,92.9
Wednesday,05:00:00,14882,118909.0,3.7,32.9,73.1,22.2,148.1,17.1,,,,,,,,,,,8.7,6.9,189.1,1023.4,93.0
Wednesday,05:00:00,14901,118908.0,2.1,17.8,39.6,10.2,68.1,9.3,,,,,,,,,,,8.1,8.3,172.2,1021.4,90.6
Wednesday,06:00:00,14558,118907.0,4.9,44.8,99.5,29.7,198.3,20.7,,,,,,,,,,,9.2,6.4,196.5,1023.9,92.4
Wednesday,06:00:00,14878,118912.0,2.3,21.0,46.7,12.9,85.7,11.7,,,,,,,,,,,9.0,6.4,196.4,1023.4,92.7
Wednesday,06:00:00,14882,118909.0,3.9,34.5,76.7,23.8,158.6,18.1,,,,,,,,,,,8.8,6.4,196.5,1023.5,93.0
Wednesday,06:00:00,14901,118908.0,2.1,17.9,39.7,10.0,66.8,9.0,,,,,,,,,,,8.2,7.4,184.6,1021.4,90.3
Wednesday,07:00:00,14558,118907.0,4.7,45.1,100.1,31.5,209.8,24.2,,,,,,,,,,,9.5,7.1,204.1,1024.3,91.3
Wednesday,07:00:00,14878,118912.0,2.7,25.7,57.1,17.3,115.6,16.6,,,,,,,,,,,9.2,7.1,203.6,1023.8,91.6
Wednesday,07:00:00,14882,118909.0,3.6,34.0,75.5,24.1,160.5,19.8,,,,,,,,,,,9.1,7.1,204.1,1023.8,91.8
Wednesday,07:00:00,14901,118908.0,2.3,22.1,49.0,14.2,95.0,13.2,,,,,,,,,,,8.6,8.5,194.9,1021.6,89.2
Wednesday,08:00:00,14558,118907.0,4.4,45.2,100.4,32.5,216.5,27.6,,,,,,,,,,,9.9,7.7,210.7,1024.8,90.5
Wednesday,08:00:00,14878,118912.0,2.3,21.6,48.1,13.8,91.9,12.9,,,,,,,,,,,9.5,7.7,210.7,1024.3,90.5
Wednesday,08:00:00,14882,118909.0,6.1,54.8,121.8,43.3,288.7,37.3,,,,,,,,,,,9.5,7.7,210.8,1024.3,90.9
Wednesday,08:00:00,14901,118908.0,2.5,24.3,53.9,16.3,108.8,15.4,,,,,,,,,,,8.8,9.2,201.3,1022.0,88.5
Wednesday,09:00:00,14558,118907.0,3.2,35.2,78.2,24.4,162.8,22.1,,,,,,,,,,,10.4,8.2,214.7,1025.1,88.8
Wednesday,09:00:00,14878,118912.0,2.9,31.0,68.8,22.3,148.6,22.7,,,,,,,,,,,10.1,8.2,214.4,1024.6,89.2
Wednesday,09:00:00,14882,118909.0,3.5,38.5,85.6,27.8,185.7,25.6,,,,,,,,,,,9.9,8.2,214.7,1024.7,89.5
Wednesday,09:00:00,14901,118908.0,2.4,22.6,50.1,14.9,99.6,14.1,,,,,,,,,,,9.3,10.0,205.6,1022.4,87.4
Wednesday,10:00:00,14558,118907.0,3.9,42.5,94.4,30.7,204.6,27.1,,,,,,,,,,,11.3,8.9,216.7,1025.4,85.7
Wednesday,10:00:00,14878,118912.0,4.1,39.3,87.4,30.5,203.2,30.5,,,,,,,,,,,10.9,8.8,216.7,1024.8,86.7
Wednesday,10:00:00,14882,118909.0,4.6,47.7,106.0,36.7,244.6,33.2,,,,,,,,,,,10.9,8.8,216.6,1024.8,86.5
Wednesday,10:00:00,14901,118908.0,2.7,27.7,61.7,19.4,129.5,18.6,,,,,,,,,,,10.0,10.8,210.5,1022.6,85.2
Wednesday,11:00:00,14558,118907.0,5.5,53.8,119.6,41.0,273.6,36.3,,,,,,,,,,,12.8,9.5,163.7,1025.3,82.2
Wednesday,11:00:00,14878,118912.0,10.2,82.0,182.2,71.3,475.0,62.1,,,,,,,,,,,12.1,9.5,164.1,1024.8,83.0
Wednesday,11:00:00,14882,118909.0,5.7,55.2,122.7,44.5,296.3,39.7,,,,,,,,,,,12.2,9.5,163.8,1024.8,83.0
Wednesday,11:00:00,14901,118908.0,3.0,32.7,72.7,24.0,160.0,23.9,,,,,,,,,,,11.3,11.7,213.9,1022.6,82.0
Wednesday,12:00:00,14558,118907.0,9.7,82.0,182.3,69.2,461.5,66.9,,,,,,,,,,,13.8,10.2,165.6,1025.4,80.1
Wednesday,12:00:00,14878,118912.0,23.5,155.3,345.2,151.2,1007.8,158.0,,,,,,,,,,,13.1,10.1,165.6,1024.8,80.8
Wednesday,12:00:00,14882,118909.0,11.0,85.5,190.1,76.9,512.5,77.0,,,,,,,,,,,13.0,10.2,165.5,1024.8,81.3
Wednesday,12:00:00,14901,118908.0,8.5,70.2,156.0,61.1,407.4,64.9,,,,,,,,,,,12.3,12.5,215.6,1022.7,79.4
Wednesday,13:00:00,14558,118907.0,10.7,87.2,193.8,74.9,499.4,74.1,,,,,,,,,,,14.3,10.4,168.4,1025.3,78.2
Wednesday,13:00:00,14878,118912.0,16.8,118.2,262.7,111.5,743.5,114.2,,,,,,,,,,,13.7,10.4,168.7,1024.7,78.0
Wednesday,13:00:00,14882,118909.0,10.8,83.9,186.4,75.7,504.8,75.1,,,,,,,,,,,13.6,10.4,168.7,1024.8,79.4
Wednesday,13:00:00,14901,118908.0,9.3,75.7,168.2,66.5,443.6,70.9,,,,,,,,,,,12.9,12.7,214.5,1022.8,77.7
Wednesday,14:00:00,14558,118907.0,8.5,72.7,161.5,61.1,407.7,59.3,,,,,,,,,,,14.5,10.3,169.1,1025.3,76.6
Wednesday,14:00:00,14878,118912.0,13.3,99.7,221.6,90.3,602.2,86.8,,,,,,,,,,,13.9,10.3,168.9,1024.7,76.6
Wednesday,14:00:00,14882,118909.0,8.7,71.0,157.8,62.6,417.2,60.3,,,,,,,,,,,13.8,10.3,169.0,1024.7,77.8
Wednesday,14:00:00,14901,118908.0,10.5,80.2,178.3,72.6,484.2,76.9,,,,,,,,,,,13.0,12.5,211.4,1022.7,75.9
Wednesday,15:00:00,14558,118907.0,5.1,51.1,113.6,40.5,270.2,39.2,,,,,,,,,,,14.5,9.6,220.1,1025.4,76.1
Wednesday,15:00:00,14878,118912.0,9.3,74.9,166.4,66.0,440.0,65.6,,,,,,,,,,,13.8,9.6,220.2,1024.8,76.0
Wednesday,15:00:00,14882,118909.0,5.9,56.3,125.2,46.1,307.1,43.5,,,,,,,,,,,13.8,9.6,220.2,1024.8,77.1
Wednesday,15:00:00,14901,118908.0,4.1,43.4,96.5,33.5,223.2,33.9,,,,,,,,,,,13.0,11.5,279.0,1022.8,75.5
Wednesday,16:00:00,14558,118907.0,4.4,46.3,103.0,35.7,237.7,34.3,,,,,,,,,,,14.1,8.8,216.6,1025.6,77.2
Wednesday,16:00:00,14878,118912.0,11.0,85.5,190.0,76.7,511.3,76.5,,,,,,,,,,,13.5,8.9,217.1,1025.0,76.9
Wednesday,16:00:00,14882,118909.0,5.3,52.6,117.0,42.2,281.4,40.2,,,,,,,,,,,13.4,8.7,215.9,1025.0,78.5
Wednesday,16:00:00,14901,118908.0,4.5,43.6,97.0,35.0,233.1,35.8,,,,,,,,,,,12.6,10.5,273.8,1022.9,76.3
Wednesday,17:00:00,14558,118907.0,6.4,58.3,129.5,48.2,321.6,50.0,,,,,,,,,,,13.6,8.1,209.1,1025.7,79.5
Wednesday,17:00:00,14878,118912.0,19.1,133.4,296.4,124.9,832.6,121.0,,,,,,,,,,,12.9,8.2,209.7,1025.1,79.2
Wednesday,17:00:00,14882,118909.0,7.8,67.4,149.7,57.6,384.2,58.3,,,,,,,,,,,12.9,8.2,209.4,1025.1,80.6
Wednesday,17:00:00,14901,118908.0,5.5,49.7,110.4,41.2,274.5,43.4,,,,,,,,,,,12.1,9.8,265.7,1023.1,78.1
Wednesday,18:00:00,14558,118907.0,6.7,60.9,135.3,50.7,337.8,51.2,,,,,,,,,,,13.0,8.1,203.6,1025.9,82.0
Wednesday,18:00:00,14878,118912.0,25.4,171.0,380.0,162.8,1085.0,153.5,,,,,,,,,,,12.4,8.1,203.9,1025.3,81.6
Wednesday,18:00:00,14882,118909.0,8.9,74.2,164.9,64.5,429.9,62.6,,,,,,,,,,,12.4,8.1,203.9,1025.3,83.2
Wednesday,18:00:00,14901,118908.0,5.9,55.1,122.4,45.1,301.0,46.9,,,,,,,,,,,11.5,9.6,258.3,1023.2,80.5
Wednesday,19:00:00,14558,118907.0,9.1,76.1,169.1,65.2,434.8,63.7,,,,,,,,,,,12.5,8.1,199.7,1025.9,84.3
Wednesday,19:00:00,14878,118912.0,26.9,179.7,399.4,171.7,1145.0,163.0,,,,,,,,,,,12.0,8.2,199.8,1025.3,83.4
Wednesday,19:00:00,14882,118909.0,12.5,95.2,211.5,85.6,570.3,80.2,,,,,,,,,,,11.9,8.1,199.7,1025.3,85.6
Wednesday,19:00:00,14901,118908.0,5.4,54.4,120.9,43.4,289.4,43.9,,,,,,,,,,,10.9,9.6,252.1,1023.3,82.3
Wednesday,20:00:00,14558,118907.0,10.7,86.1,191.4,75.0,499.8,72.2,,,,,,,,,,,11.9,8.1,198.0,1025.8,86.6
Wednesday,20:00:00,14878,118912.0,22.1,149.5,332.1,143.2,954.6,142.3,,,,,,,,,,,11.4,8.1,198.0,1025.2,85.1
Wednesday,20:00:00,14882,118909.0,13.3,99.8,221.7,90.7,604.6,84.1,,,,,,,,,,,11.3,8.0,198.0,1025.3,87.8
Wednesday,20:00:00,14901,118908.0,8.0,70.4,156.5,59.3,395.2,60.5,,,,,,,,,,,10.3,9.4,247.4,1023.2,84.8
Wednesday,21:00:00,14558,118907.0,8.4,73.3,162.8,61.7,411.3,59.5,,,,,,,,,,,11.3,8.0,196.5,1025.8,87.6
Wednesday,21:00:00,14878,118912.0,19.6,134.6,299.2,127.9,852.5,127.3,,,,,,,,,,,11.0,8.0,196.5,1025.2,86.8
Wednesday,21:00:00,14882,118909.0,11.0,86.3,191.7,76.9,512.8,71.5,,,,,,,,,,,10.9,8.1,196.4,1025.2,88.7
Wednesday,21:00:00,14901,118908.0,6.4,61.8,137.4,49.7,331.2,49.2,,,,,,,,,,,9.8,9.3,244.5,1023.0,86.0
Wednesday,22:00:00,14558,118907.0,5.0,49.7,110.4,39.0,259.8,37.8,,,,,,,,,,,10.8,8.0,194.4,1025.6,88.3
Wednesday,22:00:00,14878,118912.0,10.2,80.1,178.0,71.4,476.3,71.0,,,,,,,,,,,10.5,8.0,194.5,1025.0,88.3
Wednesday,22:00:00,14882,118909.0,5.9,55.2,122.7,45.2,301.1,43.0,,,,,,,,,,,10.4,8.0,194.6,1025.1,88.8
Wednesday,22:00:00,14901,118908.0,4.3,44.8,99.5,34.4,229.2,33.2,,,,,,,,,,,9.3,9.4,241.3,1022.7,87.2
Wednesday,23:00:00,14558,118907.0,3.2,36.2,80.5,26.0,173.4,24.9,,,,,,,,,,,10.4,7.9,193.8,1025.3,89.4
Wednesday,23:00:00,14878,118912.0,3.1,33.5,74.5,24.6,164.2,24.6,,,,,,,,,,,10.2,7.9,193.6,1024.8,89.7
Wednesday,23:00:00,14882,118909.0,3.4,36.4,80.8,26.8,178.6,25.8,,,,,,,,,,,10.0,7.9,193.7,1024.8,89.8
Wednesday,23:00:00,14901,118908.0,3.3,35.9,79.8,25.7,171.2,24.3,,,,,,,,,,,9.0,9.4,238.8,1022.5,88.2
Thursday,00:00:00,14558,118907.0,2.9,31.2,69.4,22.6,150.6,21.0,,,,,,,,,,,10.5,5.7,178.6,1029.3,91.9
Thursday,00:00:00,14878,118912.0,2.7,26.9,59.7,19.1,127.5,18.6,,,,,,,,,,,10.4,5.7,179.3,1028.8,91.6
Thursday,00:00:00,14882,118909.0,2.9,30.1,66.8,22.2,148.2,21.1,,,,,,,,,,,10.2,5.7,178.7,1028.8,92.4
Thursday,00:00:00,14901,118908.0,3.1,34.5,76.6,24.8,165.2,23.5,,,,,,,,,,,9.2,6.7,244.8,1027.7,90.7
Thursday,01:00:00,14558,118907.0,2.6,25.5,56.7,17.9,119.0,16.4,,,,,,,,,,,9.9,5.9,174.6,1029.0,93.0
Thursday,01:00:00,14878,118912.0,2.6,25.4,56.4,17.5,116.5,16.7,,,,,,,,,,,9.8,5.9,174.5,1028.5,92.8
Thursday,01:00:00,14882,118909.0,2.6,25.7,57.1,18.0,119.7,17.0,,,,,,,,,,,9.8,5.9,174.6,1028.5,93.4
Thursday,01:00:00,14901,118908.0,2.8,28.4,63.0,20.3,135.6,19.5,,,,,,,,,,,8.8,6.7,248.4,1027.3,91.5
Thursday,02:00:00,14558,118907.0,2.6,26.4,58.7,17.8,118.4,15.9,,,,,,,,,,,8.9,5.6,182.4,1025.3,92.2
Thursday,02:00:00,14878,118912.0,2.4,23.5,52.2,15.8,105.2,15.0,,,,,,,,,,,8.7,5.6,182.4,1024.8,92.2
Thursday,02:00:00,14882,118909.0,2.5,23.5,52.3,16.0,106.8,15.3,,,,,,,,,,,8.5,5.6,182.4,1024.8,92.7
Thursday,02:00:00,14901,118908.0,2.7,26.8,59.6,18.1,120.7,16.8,,,,,,,,,,,7.3,6.2,243.1,1022.3,90.4
Thursday,03:00:00,14558,118907.0,2.5,24.1,53.5,16.4,109.0,14.8,,,,,,,,,,,8.8,5.2,182.2,1024.9,92.3
Thursday,03:00:00,14878,118912.0,2.5,23.8,53.0,15.9,106.2,15.0,,,,,,,,,,,8.7,5.3,183.7,1024.4,92.4
Thursday,03:00:00,14882,118909.0,2.5,23.4,52.1,15.8,105.4,14.8,,,,,,,,,,,8.5,5.3,183.5,1024.4,92.8
Thursday,03:00:00,14901,118908.0,2.6,24.8,55.2,16.9,112.5,15.9,,,,,,,,,,,7.3,5.8,245.5,1021.8,90.3
Thursday,04:00:00,14558,118907.0,2.4,23.5,52.3,16.0,106.5,14.3,,,,,,,,,,,8.8,4.9,180.1,1024.6,92.4
Thursday,04:00:00,14878,118912.0,2.5,24.2,53.8,16.3,108.4,15.1,,,,,,,,,,,8.6,5.0,182.6,1024.1,92.5
Thursday,04:00:00,14882,118909.0,2.4,23.2,51.6,15.5,103.6,14.3,,,,,,,,,,,8.4,5.0,181.4,1024.1,93.0
Thursday,04:00:00,14901,118908.0,2.5,23.5,52.1,15.8,105.2,14.9,,,,,,,,,,,7.2,5.3,241.5,1021.5,90.7
Thursday,05:00:00,14558,118907.0,2.4,23.6,52.4,15.8,105.2,14.0,,,,,,,,,,,8.7,4.9,174.8,1024.3,92.4
Thursday,05:00:00,14878,118912.0,2.6,25.6,56.8,17.3,115.4,16.0,,,,,,,,,,,8.7,4.9,174.6,1023.8,92.5
Thursday,05:00:00,14882,118909.0,2.5,23.5,52.2,15.7,104.7,14.2,,,,,,,,,,,8.4,4.9,172.8,1023.8,92.9
Thursday,05:00:00,14901,118908.0,2.4,23.1,51.3,15.4,102.5,14.4,,,,,,,,,,,7.1,5.1,227.3,1021.1,90.7
Thursday,06:00:00,14558,118907.0,2.5,23.8,52.9,15.8,105.6,13.8,,,,,,,,,,,8.7,5.0,172.7,1024.1,92.1
Thursday,06:00:00,14878,118912.0,2.7,26.9,59.8,18.7,124.7,17.6,,,,,,,,,,,8.8,5.2,168.1,1023.6,92.2
Thursday,06:00:00,14882,118909.0,2.5,23.7,52.8,16.0,106.6,14.5,,,,,,,,,,,8.4,5.0,172.4,1023.6,92.7
Thursday,06:00:00,14901,118908.0,2.4,22.9,50.9,15.1,100.5,14.2,,,,,,,,,,,7.1,5.3,225.4,1020.8,90.4
Thursday,07:00:00,14558,118907.0,2.9,31.5,70.1,22.2,147.9,20.5,,,,,,,,,,,9.0,5.4,173.6,1024.1,91.5
Thursday,07:00:00,14878,118912.0,2.9,30.8,68.5,22.4,149.4,21.7,,,,,,,,,,,9.0,5.6,171.9,1023.5,91.6
Thursday,07:00:00,14882,118909.0,3.0,31.3,69.5,23.0,153.2,21.4,,,,,,,,,,,8.6,5.4,174.5,1023.6,92.3
Thursday,07:00:00,14901,118908.0,2.6,25.6,56.9,17.3,115.3,16.3,,,,,,,,,,,7.3,5.7,226.6,1020.8,90.0
Thursday,08:00:00,14558,118907.0,3.6,41.4,92.1,30.2,201.3,27.8,,,,,,,,,,,9.5,5.7,186.0,1024.0,90.7
Thursday,08:00:00,14878,118912.0,3.7,37.2,82.6,28.7,191.1,28.2,,,,,,,,,,,9.3,5.7,185.5,1023.5,91.2
Thursday,08:00:00,14882,118909.0,4.3,45.5,101.2,34.9,232.8,31.9,,,,,,,,,,,9.1,5.7,185.7,1023.6,91.4
Thursday,08:00:00,14901,118908.0,2.8,29.9,66.4,20.9,139.4,20.0,,,,,,,,,,,7.7,6.3,230.9,1020.7,89.4
Thursday,09:00:00,14558,118907.0,3.2,36.7,81.5,26.0,173.2,24.3,,,,,,,,,,,10.1,6.2,77.0,1024.0,89.2
Thursday,09:00:00,14878,118912.0,3.2,33.8,75.0,24.7,164.5,23.9,,,,,,,,,,,9.9,6.2,76.5,1023.5,89.7
Thursday,09:00:00,14882,118909.0,3.5,38.4,85.4,28.2,187.7,26.2,,,,,,,,,,,9.7,6.2,77.1,1023.5,89.9
Thursday,09:00:00,14901,118908.0,2.9,30.2,67.0,21.2,141.5,20.2,,,,,,,,,,,8.3,6.9,58.1,1020.6,88.3
Thursday,10:00:00,14558,118907.0,3.7,39.7,88.2,29.0,193.6,27.2,,,,,,,,,,,11.1,7.3,86.5,1023.9,86.3
Thursday,10:00:00,14878,118912.0,4.0,42.0,93.3,31.9,212.9,31.5,,,,,,,,,,,10.9,7.2,85.9,1023.4,87.1
Thursday,10:00:00,14882,118909.0,3.9,42.1,93.5,31.3,208.5,29.1,,,,,,,,,,,10.7,7.3,86.8,1023.4,87.0
Thursday,10:00:00,14901,118908.0,2.8,29.3,65.1,20.2,134.8,19.4,,,,,,,,,,,9.3,7.8,64.4,1020.5,85.6
Thursday,11:00:00,14558,118907.0,3.5,39.7,88.1,28.7,191.5,27.2,,,,,,,,,,,12.7,8.2,95.9,1023.5,81.5
Thursday,11:00:00,14878,118912.0,7.1,61.8,137.3,52.1,347.4,50.2,,,,,,,,,,,12.3,8.2,95.8,1023.0,82.4
Thursday,11:00:00,14882,118909.0,4.0,42.7,94.9,32.4,216.2,29.8,,,,,,,,,,,12.2,8.3,96.0,1023.0,82.1
Thursday,11:00:00,14901,118908.0,3.6,39.7,88.2,29.4,196.3,28.6,,,,,,,,,,,11.4,9.2,78.1,1022.1,81.5
Thursday,12:00:00,14558,118907.0,6.1,56.6,125.8,46.3,308.7,44.1,,,,,,,,,,,14.0,9.0,100.9,1023.0,77.6
Thursday,12:00:00,14878,118912.0,19.0,132.9,295.4,124.5,830.0,118.8,,,,,,,,,,,13.4,9.0,100.7,1022.4,78.4
Thursday,12:00:00,14882,118909.0,7.9,69.4,154.2,58.6,390.5,53.8,,,,,,,,,,,13.3,9.0,101.0,1022.4,78.5
Thursday,12:00:00,14901,118908.0,7.0,60.8,135.1,51.9,345.8,53.8,,,,,,,,,,,12.7,10.0,81.0,1021.5,77.7
Thursday,13:00:00,14558,118907.0,8.8,74.5,165.6,63.8,425.2,62.6,,,,,,,,,,,14.6,9.0,102.0,1022.5,75.0
Thursday,13:00:00,14878,118912.0,21.4,145.3,323.0,138.8,925.0,140.5,,,,,,,,,,,14.0,9.0,101.9,1021.9,75.4
Thursday,13:00:00,14882,118909.0,10.6,85.2,189.4,74.6,497.1,70.9,,,,,,,,,,,13.9,9.0,101.9,1021.9,75.9
Thursday,13:00:00,14901,118908.0,9.2,75.1,167.0,66.0,439.9,68.3,,,,,,,,,,,13.3,10.1,79.5,1021.1,75.2
Thursday,14:00:00,14558,118907.0,8.6,72.1,160.1,62.0,413.3,64.2,,,,,,,,,,,14.9,9.0,100.8,1022.1,72.9
Thursday,14:00:00,14878,118912.0,21.0,142.1,315.7,136.5,909.9,142.2,,,,,,,,,,,14.5,9.0,101.1,1021.6,72.7
Thursday,14:00:00,14882,118909.0,11.1,86.9,193.0,77.8,518.9,78.0,,,,,,,,,,,14.3,9.0,101.0,1021.6,73.7
Thursday,14:00:00,14901,118908.0,8.0,68.8,152.9,58.7,391.6,59.9,,,,,,,,,,,13.6,10.2,76.3,1020.8,72.7
Thursday,15:00:00,14558,118907.0,8.1,66.9,148.7,57.8,385.4,59.4,,,,,,,,,,,14.8,8.6,157.9,1022.0,72.4
Thursday,15:00:00,14878,118912.0,14.1,103.3,229.5,95.4,635.7,96.0,,,,,,,,,,,14.4,8.6,158.2,1021.4,71.8
Thursday,15:00:00,14882,118909.0,9.2,73.4,163.0,65.3,435.3,64.0,,,,,,,,,,,14.2,8.6,158.3,1021.4,73.1
Thursday,15:00:00,14901,118908.0,6.3,57.0,126.6,47.2,314.8,48.2,,,,,,,,,,,13.5,9.8,143.0,1020.6,72.4
Thursday,16:00:00,14558,118907.0,5.9,56.6,125.7,45.7,304.6,44.6,,,,,,,,,,,14.1,8.1,156.5,1022.0,74.2
Thursday,16:00:00,14878,118912.0,11.5,88.6,196.8,80.0,533.3,79.4,,,,,,,,,,,13.8,8.1,156.7,1021.4,73.4
Thursday,16:00:00,14882,118909.0,7.4,64.6,143.5,54.9,365.7,51.1,,,,,,,,,,,13.6,8.1,156.8,1021.4,74.8
Thursday,16:00:00,14901,118908.0,5.9,54.2,120.6,44.8,298.6,45.0,,,,,,,,,,,12.9,9.2,138.2,1020.7,73.9
Thursday,17:00:00,14558,118907.0,6.7,60.0,133.4,49.8,331.8,48.1,,,,,,,,,,,13.4,7.8,154.5,1022.2,77.0
Thursday,17:00:00,14878,118912.0,14.6,106.4,236.3,97.9,652.6,95.1,,,,,,,,,,,13.0,7.8,154.5,1021.6,76.3
Thursday,17:00:00,14882,118909.0,9.1,74.3,165.2,64.7,431.4,59.1,,,,,,,,,,,12.7,7.8,154.5,1021.7,77.8
Thursday,17:00:00,14901,118908.0,4.5,46.6,103.6,35.9,239.0,35.2,,,,,,,,,,,12.1,8.9,131.9,1021.0,76.7
Thursday,18:00:00,14558,118907.0,9.4,77.4,172.0,66.9,446.0,63.7,,,,,,,,,,,12.6,7.8,152.6,1022.4,80.5
Thursday,18:00:00,14878,118912.0,22.2,151.6,337.0,143.7,958.1,137.7,,,,,,,,,,,12.2,7.8,152.9,1021.8,79.2
Thursday,18:00:00,14882,118909.0,14.5,109.0,242.3,97.9,652.6,86.7,,,,,,,,,,,12.0,7.8,152.6,1021.9,81.9
Thursday,18:00:00,14901,118908.0,7.0,63.9,142.0,53.0,353.2,52.6,,,,,,,,,,,11.4,9.0,128.1,1021.2,80.0
Thursday,19:00:00,14558,118907.0,15.5,117.0,260.0,103.7,691.2,98.3,,,,,,,,,,,12.2,7.8,149.8,1022.4,83.0
Thursday,19:00:00,14878,118912.0,28.8,191.6,425.8,183.5,1223.1,173.0,,,,,,,,,,,11.9,7.8,150.1,1021.8,81.1
Thursday,19:00:00,14882,118909.0,19.3,139.5,310.0,126.3,842.1,111.3,,,,,,,,,,,11.6,7.8,149.9,1021.9,84.3
Thursday,19:00:00,14901,118908.0,15.3,110.8,246.3,102.6,683.8,104.6,,,,,,,,,,,10.8,9.0,127.1,1021.3,82.3
Thursday,20:00:00,14558,118907.0,17.5,130.3,289.5,115.3,768.6,108.1,,,,,,,,,,,11.9,7.6,148.1,1022.3,84.7
Thursday,20:00:00,14878,118912.0,30.2,201.4,447.5,192.0,1279.7,175.2,,,,,,,,,,,11.6,7.6,148.0,1021.7,82.6
Thursday,20:00:00,14882,118909.0,20.7,148.4,329.8,134.7,898.1,118.4,,,,,,,,,,,11.4,7.6,147.3,1021.8,86.1
Thursday,20:00:00,14901,118908.0,14.7,107.9,239.8,98.8,658.7,100.1,,,,,,,,,,,10.4,8.8,127.2,1021.2,83.9
Thursday,21:00:00,14558,118907.0,13.8,105.6,234.6,93.6,623.9,87.1,,,,,,,,,,,11.6,7.7,143.3,1022.3,86.0
Thursday,21:00:00,14878,118912.0,28.3,189.0,420.0,180.1,1200.9,166.8,,,,,,,,,,,11.5,7.7,143.3,1021.7,84.0
Thursday,21:00:00,14882,118909.0,16.6,120.9,268.6,110.1,733.9,98.5,,,,,,,,,,,11.2,7.7,143.2,1021.8,87.0
Thursday,21:00:00,14901,118908.0,10.8,85.7,190.5,75.5,503.3,73.1,,,,,,,,,,,10.2,8.7,127.6,1021.2,85.2
Thursday,22:00:00,14558,118907.0,9.2,76.9,171.0,65.9,439.5,62.0,,,,,,,,,,,11.1,7.9,142.9,1022.3,87.2
Thursday,22:00:00,14878,118912.0,11.3,87.2,193.8,78.7,524.9,79.2,,,,,,,,,,,11.2,7.8,142.8,1021.7,86.0
Thursday,22:00:00,14882,118909.0,10.8,85.7,190.5,75.9,505.9,69.5,,,,,,,,,,,10.8,7.9,142.9,1021.8,87.6
Thursday,22:00:00,14901,118908.0,6.6,60.9,135.3,50.0,333.2,47.4,,,,,,,,,,,9.9,8.8,127.2,1021.2,86.7
Thursday,23:00:00,14558,118907.0,5.3,51.9,115.4,41.1,274.3,37.7,,,,,,,,,,,10.4,7.7,142.7,1022.1,88.1
Thursday,23:00:00,14878,118912.0,3.7,39.2,87.1,29.3,195.6,28.9,,,,,,,,,,,10.4,7.7,142.7,1021.6,87.5
Thursday,23:00:00,14882,118909.0,5.2,50.2,111.5,40.3,268.6,37.1,,,,,,,,,,,10.2,7.7,142.6,1021.6,88.5
Thursday,23:00:00,14901,118908.0,4.0,46.0,102.3,33.7,224.9,31.0,,,,,,,,,,,9.5,8.5,126.0,1021.0,87.4
Friday,00:00:00,14558,118907.0,3.4,38.1,84.6,27.7,184.4,25.4,,,,,,,,,,,10.0,7.8,141.8,1021.7,88.6
Friday,00:00:00,14878,118912.0,2.8,28.6,63.6,20.1,133.8,19.4,,,,,,,,,,,10.0,7.8,141.6,1021.2,87.9
Friday,00:00:00,14882,118909.0,3.3,35.7,79.4,26.3,175.2,24.4,,,,,,,,,,,9.8,7.8,141.8,1021.3,88.8
Friday,00:00:00,14901,118908.0,3.0,31.7,70.5,22.9,152.7,21.2,,,,,,,,,,,9.2,8.5,126.0,1020.7,87.5
Friday,01:00:00,14558,118907.0,2.9,30.2,67.2,21.3,142.0,19.7,,,,,,,,,,,9.7,8.0,143.1,1021.5,89.1
Friday,01:00:00,14878,118912.0,2.4,23.4,51.9,16.0,106.4,15.5,,,,,,,,,,,9.6,7.9,143.0,1021.0,88.6
Friday,01:00:00,14882,118909.0,2.8,27.8,61.8,19.8,132.1,18.6,,,,,,,,,,,9.5,8.0,143.1,1021.0,89.3
Friday,01:00:00,14901,118908.0,2.5,24.9,55.3,17.2,114.6,16.1,,,,,,,,,,,8.9,8.7,126.4,1020.5,87.6
Friday,02:00:00,14558,118907.0,2.6,26.4,58.8,18.0,120.3,16.3,,,,,,,,,,,9.3,8.3,204.1,1021.3,89.5
Friday,02:00:00,14878,118912.0,2.4,22.3,49.5,15.0,100.1,14.4,,,,,,,,,,,9.2,8.3,203.9,1020.8,89.2
Friday,02:00:00,14882,118909.0,2.6,25.2,56.0,17.4,116.2,15.9,,,,,,,,,,,9.1,8.3,144.2,1020.8,89.9
Friday,02:00:00,14901,118908.0,2.4,23.4,52.1,15.6,103.8,14.3,,,,,,,,,,,8.6,9.1,198.1,1020.3,88.2
Friday,03:00:00,14558,118907.0,2.6,26.6,59.2,17.8,119.0,15.8,,,,,,,,,,,9.1,8.6,205.1,1021.0,89.6
Friday,03:00:00,14878,118912.0,2.3,21.7,48.1,14.3,95.2,13.5,,,,,,,,,,,9.0,8.6,205.2,1020.5,89.2
Friday,03:00:00,14882,118909.0,2.5,24.9,55.3,16.9,112.4,15.2,,,,,,,,,,,8.9,8.6,205.2,1020.5,89.8
Friday,03:00:00,14901,118908.0,2.5,24.4,54.3,16.2,108.1,14.6,,,,,,,,,,,8.3,9.4,196.7,1020.0,88.3
Friday,04:00:00,14558,118907.0,2.7,27.2,60.4,18.0,120.1,15.6,,,,,,,,,,,9.0,8.6,202.2,1020.8,89.8
Friday,04:00:00,14878,118912.0,2.4,22.4,49.9,14.7,98.0,13.6,,,,,,,,,,,8.9,8.6,202.4,1020.4,89.6
Friday,04:00:00,14882,118909.0,2.6,26.0,57.7,17.4,115.9,15.2,,,,,,,,,,,8.8,8.6,202.3,1020.4,90.0
Friday,04:00:00,14901,118908.0,2.4,23.3,51.9,14.9,99.4,13.0,,,,,,,,,,,8.3,9.5,192.6,1019.8,88.2
Friday,05:00:00,14558,118907.0,2.6,26.1,58.0,17.3,115.2,14.7,,,,,,,,,,,9.3,8.9,196.1,1020.8,89.3
Friday,05:00:00,14878,118912.0,2.4,22.9,50.9,14.9,99.0,13.4,,,,,,,,,,,9.1,8.9,196.2,1020.3,89.3
Friday,05:00:00,14882,118909.0,2.5,24.9,55.4,16.6,110.4,14.3,,,,,,,,,,,9.0,8.9,196.5,1020.3,89.6
Friday,05:00:00,14901,118908.0,2.4,22.2,49.4,13.8,92.3,12.0,,,,,,,,,,,8.4,9.8,186.2,1019.7,88.0
Friday,06:00:00,14558,118907.0,2.7,28.0,62.3,18.6,124.3,15.5,,,,,,,,,,,9.6,9.2,188.2,1020.8,88.7
Friday,06:00:00,14878,118912.0,2.8,28.5,63.4,20.4,135.7,19.0,,,,,,,,,,,9.4,9.2,188.8,1020.3,89.1
Friday,06:00:00,14882,118909.0,2.7,28.5,63.4,19.3,128.9,16.4,,,,,,,,,,,9.2,9.2,188.8,1020.3,89.3
Friday,06:00:00,14901,118908.0,2.4,22.9,50.9,14.3,95.4,12.1,,,,,,,,,,,8.6,10.0,177.5,1019.7,87.7
Friday,07:00:00,14558,118907.0,5.3,46.1,102.4,37.5,249.7,35.8,,,,,,,,,,,10.0,9.5,186.4,1020.9,88.0
Friday,07:00:00,14878,118912.0,4.1,36.4,80.9,27.9,186.2,27.4,,,,,,,,,,,9.7,9.5,186.3,1020.4,88.2
Friday,07:00:00,14882,118909.0,5.6,48.0,106.7,39.8,265.1,37.1,,,,,,,,,,,9.5,9.5,186.8,1020.5,88.7
Friday,07:00:00,14901,118908.0,4.5,37.6,83.5,29.5,196.8,28.0,,,,,,,,,,,9.0,10.3,173.7,1019.8,87.1
Friday,08:00:00,14558,118907.0,3.6,37.2,82.6,27.7,184.7,24.9,,,,,,,,,,,10.1,9.8,188.4,1021.2,87.0
Friday,08:00:00,14878,118912.0,7.5,54.2,120.4,47.6,317.5,50.5,,,,,,,,,,,9.9,9.8,188.2,1020.7,87.5
Friday,08:00:00,14882,118909.0,4.7,45.1,100.2,36.0,240.0,33.7,,,,,,,,,,,9.7,9.8,188.4,1020.7,87.6
Friday,08:00:00,14901,118908.0,3.0,30.3,67.3,21.3,142.0,19.5,,,,,,,,,,,9.2,10.5,174.5,1020.1,86.3
Friday,09:00:00,14558,118907.0,4.2,44.3,98.5,33.0,220.3,30.1,,,,,,,,,,,10.7,10.2,191.8,1021.4,85.1
Friday,09:00:00,14878,118912.0,6.9,56.1,124.6,47.9,319.7,49.6,,,,,,,,,,,10.5,10.1,191.5,1020.9,85.9
Friday,09:00:00,14882,118909.0,7.1,63.0,139.9,51.8,345.6,46.9,,,,,,,,,,,10.2,10.2,191.7,1021.0,85.9
Friday,09:00:00,14901,118908.0,3.1,33.0,73.3,23.2,154.4,20.9,,,,,,,,,,,9.9,10.8,176.2,1020.3,84.6
Friday,10:00:00,14558,118907.0,3.6,40.4,89.8,28.8,192.1,26.0,,,,,,,,,,,11.8,10.8,195.0,1021.6,82.3
Friday,10:00:00,14878,118912.0,4.8,47.6,105.8,37.5,249.8,35.7,,,,,,,,,,,11.5,10.8,194.7,1021.1,83.6
Friday,10:00:00,14882,118909.0,5.2,51.3,114.0,39.8,265.6,35.4,,,,,,,,,,,11.3,10.8,195.0,1021.1,83.3
Friday,10:00:00,14901,118908.0,3.0,31.6,70.3,21.6,144.3,19.6,,,,,,,,,,,10.9,11.3,178.2,1020.4,82.3
Friday,11:00:00,14558,118907.0,4.1,44.8,99.5,33.1,220.5,30.1,,,,,,,,,,,13.2,11.4,198.2,1021.4,79.3
Friday,11:00:00,14878,118912.0,6.0,56.3,125.1,45.9,306.2,43.9,,,,,,,,,,,12.6,11.4,198.0,1020.8,80.5
Friday,11:00:00,14882,118909.0,5.5,53.9,119.7,42.1,280.7,36.9,,,,,,,,,,,12.5,11.4,198.2,1020.9,80.4
Friday,11:00:00,14901,118908.0,4.0,43.7,97.2,33.4,222.5,32.1,,,,,,,,,,,12.1,11.9,180.6,1020.2,79.2
Friday,12:00:00,14558,118907.0,7.9,68.2,151.5,58.1,387.1,58.7,,,,,,,,,,,14.3,11.9,200.2,1021.2,76.5
Friday,12:00:00,14878,118912.0,15.5,111.8,248.4,103.7,691.4,101.6,,,,,,,,,,,13.5,11.9,200.1,1020.6,77.8
Friday,12:00:00,14882,118909.0,9.6,77.6,172.4,68.3,455.6,64.3,,,,,,,,,,,13.5,11.9,200.2,1020.6,77.7
Friday,12:00:00,14901,118908.0,12.0,91.6,203.6,82.8,551.9,87.8,,,,,,,,,,,13.3,12.4,182.6,1019.9,75.8
Friday,13:00:00,14558,118907.0,10.8,84.9,188.7,75.5,503.6,78.0,,,,,,,,,,,14.9,12.2,206.2,1021.0,74.0
Friday,13:00:00,14878,118912.0,33.0,216.5,481.2,208.8,1391.9,194.1,,,,,,,,,,,14.2,12.2,205.8,1020.4,75.4
Friday,13:00:00,14882,118909.0,13.7,100.5,223.4,92.7,618.2,90.0,,,,,,,,,,,14.1,12.2,206.2,1020.4,75.3
Friday,13:00:00,14901,118908.0,16.0,112.7,250.4,106.5,710.3,114.6,,,,,,,,,,,14.0,12.5,184.9,1019.6,73.2
Friday,14:00:00,14558,118907.0,12.9,97.8,217.3,88.4,589.3,91.2,,,,,,,,,,,15.0,12.1,208.1,1020.9,73.1
Friday,14:00:00,14878,118912.0,28.7,189.4,420.9,183.0,1220.2,176.4,,,,,,,,,,,14.4,12.1,208.0,1020.3,73.2
Friday,14:00:00,14882,118909.0,15.6,111.8,248.5,104.1,693.9,99.7,,,,,,,,,,,14.3,12.1,208.1,1020.3,74.4
Friday,14:00:00,14901,118908.0,17.9,125.0,277.8,118.3,788.8,125.9,,,,,,,,,,,14.2,12.5,185.9,1019.5,71.9
Friday,15:00:00,14558,118907.0,11.1,86.7,192.6,77.1,513.7,79.1,,,,,,,,,,,14.8,11.0,210.2,1021.0,73.5
Friday,15:00:00,14878,118912.0,18.2,126.8,281.8,119.7,798.2,116.8,,,,,,,,,,,14.1,11.0,210.2,1020.4,73.2
Friday,15:00:00,14882,118909.0,12.6,96.1,213.5,86.5,576.8,82.5,,,,,,,,,,,14.0,11.0,210.2,1020.4,75.0
Friday,15:00:00,14901,118908.0,9.6,76.2,169.3,67.8,451.9,72.1,,,,,,,,,,,13.8,11.5,187.6,1019.6,72.4
Friday,16:00:00,14558,118907.0,8.9,74.5,165.5,64.2,428.0,61.6,,,,,,,,,,,14.3,9.8,212.1,1021.3,75.4
Friday,16:00:00,14878,118912.0,14.7,106.4,236.4,98.8,658.3,98.2,,,,,,,,,,,13.4,9.9,212.0,1020.8,74.3
Friday,16:00:00,14882,118909.0,11.1,86.0,191.1,77.5,516.4,70.6,,,,,,,,,,,13.5,9.8,212.1,1020.8,77.0
Friday,16:00:00,14901,118908.0,7.6,67.2,149.4,56.7,378.1,58.2,,,,,,,,,,,13.4,10.4,189.7,1019.9,74.3
Friday,17:00:00,14558,118907.0,9.1,76.9,170.9,65.7,438.3,63.8,,,,,,,,,,,13.8,8.7,213.8,1021.6,77.4
Friday,17:00:00,14878,118912.0,17.7,125.5,279.0,116.6,777.4,111.0,,,,,,,,,,,12.9,8.8,213.5,1021.1,76.4
Friday,17:00:00,14882,118909.0,11.6,90.5,201.0,80.4,535.7,72.2,,,,,,,,,,,13.0,8.8,213.8,1021.1,78.6
Friday,17:00:00,14901,118908.0,13.2,96.7,214.9,89.7,597.7,95.9,,,,,,,,,,,12.8,9.4,189.6,1020.1,76.2
Friday,18:00:00,14558,118907.0,14.0,104.0,231.1,94.6,630.4,96.3,,,,,,,,,,,13.3,7.9,212.0,1021.8,79.6
Friday,18:00:00,14878,118912.0,23.5,158.2,351.6,151.5,1010.1,147.8,,,,,,,,,,,12.4,7.9,212.1,1021.3,78.5
Friday,18:00:00,14882,118909.0,17.8,124.8,277.3,117.6,783.8,110.1,,,,,,,,,,,12.5,7.8,211.9,1021.3,80.8
Friday,18:00:00,14901,118908.0,13.8,100.0,222.3,93.4,622.4,99.7,,,,,,,,,,,12.3,8.5,186.0,1020.3,78.2
Friday,19:00:00,14558,118907.0,15.2,112.7,250.4,101.6,677.4,99.8,,,,,,,,,,,12.6,7.2,207.8,1022.0,82.4
Friday,19:00:00,14878,118912.0,27.8,185.2,411.6,177.1,1180.6,166.9,,,,,,,,,,,11.8,7.2,207.8,1021.5,80.4
Friday,19:00:00,14882,118909.0,20.0,141.7,314.8,130.7,871.4,117.6,,,,,,,,,,,12.0,7.2,207.8,1021.5,83.9
Friday,19:00:00,14901,118908.0,16.4,115.9,257.6,109.1,727.2,114.3,,,,,,,,,,,11.5,7.8,181.1,1020.4,80.8
Friday,20:00:00,14558,118907.0,20.6,151.2,335.9,134.1,894.3,124.3,,,,,,,,,,,11.8,6.8,205.7,1022.1,85.1
Friday,20:00:00,14878,118912.0,32.8,216.7,481.5,207.0,1380.2,189.2,,,,,,,,,,,11.5,6.8,205.8,1021.6,82.3
Friday,20:00:00,14882,118909.0,25.6,181.2,402.7,164.2,1094.7,140.0,,,,,,,,,,,11.5,6.8,205.8,1021.6,86.3
Friday,20:00:00,14901,118908.0,24.9,166.6,370.1,160.1,1067.3,163.0,,,,,,,,,,,10.8,7.4,178.0,1020.5,83.6
Friday,21:00:00,14558,118907.0,19.5,142.2,316.0,127.6,850.6,119.5,,,,,,,,,,,11.6,6.5,205.9,1022.3,86.2
Friday,21:00:00,14878,118912.0,31.1,206.2,458.2,197.4,1316.1,185.6,,,,,,,,,,,11.4,6.5,206.0,1021.7,84.1
Friday,21:00:00,14882,118909.0,23.6,164.3,365.2,151.9,1012.6,134.1,,,,,,,,,,,11.4,6.5,205.9,1021.7,86.7
Friday,21:00:00,14901,118908.0,18.9,132.4,294.3,123.8,825.2,122.4,,,,,,,,,,,10.5,7.1,175.9,1020.5,85.2
Friday,22:00:00,14558,118907.0,13.3,102.5,227.8,90.5,603.2,84.8,,,,,,,,,,,10.9,6.1,147.0,1022.3,87.4
Friday,22:00:00,14878,118912.0,18.1,127.6,283.6,119.2,794.7,115.7,,,,,,,,,,,10.9,6.2,146.9,1021.7,84.9
Friday,22:00:00,14882,118909.0,16.1,117.7,261.6,107.0,713.1,95.0,,,,,,,,,,,10.9,6.2,147.0,1021.8,87.2
Friday,22:00:00,14901,118908.0,11.8,91.1,202.4,81.6,544.2,79.0,,,,,,,,,,,10.0,6.6,174.4,1020.6,86.8
Friday,23:00:00,14558,118907.0,6.9,64.2,142.6,52.3,349.0,48.1,,,,,,,,,,,10.3,5.7,146.8,1022.3,88.4
Friday,23:00:00,14878,118912.0,6.2,58.5,129.9,47.9,319.6,46.0,,,,,,,,,,,10.1,5.8,146.9,1021.8,86.1
Friday,23:00:00,14882,118909.0,7.3,66.5,147.8,54.9,366.0,48.7,,,,,,,,,,,10.3,5.7,146.7,1021.8,88.1
Friday,23:00:00,14901,118908.0,6.8,64.3,142.8,52.1,347.7,49.3,,,,,,,,,,,9.5,6.0,172.3,1020.5,88.4
Saturday,00:00:00,14558,118907.0,4.4,48.4,107.6,36.4,242.8,33.4,,,,,,,,,,,10.1,5.6,143.8,1022.2,89.0
Saturday,00:00:00,14878,118912.0,3.7,42.2,93.8,31.2,208.3,30.6,,,,,,,,,,,9.8,5.6,143.8,1021.7,87.4
Saturday,00:00:00,14882,118909.0,4.4,48.2,107.1,36.4,242.9,33.6,,,,,,,,,,,9.9,5.6,143.9,1021.7,88.8
Saturday,00:00:00,14901,118908.0,4.3,47.6,105.8,36.0,239.9,33.4,,,,,,,,,,,9.4,5.8,166.9,1020.4,88.8
Saturday,01:00:00,14558,118907.0,3.1,34.5,76.6,24.9,165.7,23.3,,,,,,,,,,,10.4,5.6,134.0,1021.9,88.6
Saturday,01:00:00,14878,118912.0,3.1,33.0,73.3,23.9,159.6,23.5,,,,,,,,,,,10.0,5.6,134.6,1021.3,87.9
Saturday,01:00:00,14882,118909.0,3.3,35.4,78.7,26.1,173.9,24.6,,,,,,,,,,,9.9,5.6,134.0,1021.4,89.1
Saturday,01:00:00,14901,118908.0,3.0,32.4,71.9,23.2,154.9,21.9,,,,,,,,,,,9.5,5.7,154.9,1020.0,88.6
Saturday,02:00:00,14558,118907.0,2.6,26.6,59.1,18.3,121.7,17.0,,,,,,,,,,,10.2,5.6,128.9,1021.7,88.7
Saturday,02:00:00,14878,118912.0,2.7,27.1,60.2,18.7,124.7,18.2,,,,,,,,,,,9.9,5.6,129.1,1021.2,88.3
Saturday,02:00:00,14882,118909.0,2.7,27.4,60.8,19.1,127.0,18.0,,,,,,,,,,,9.8,5.6,129.2,1021.2,89.2
Saturday,02:00:00,14901,118908.0,2.6,26.2,58.3,17.7,118.0,16.6,,,,,,,,,,,9.4,5.7,146.5,1019.7,88.3
Saturday,03:00:00,14558,118907.0,2.4,23.3,51.8,15.6,104.0,14.2,,,,,,,,,,,9.8,5.8,183.8,1021.3,89.2
Saturday,03:00:00,14878,118912.0,2.4,23.6,52.3,15.7,105.0,15.0,,,,,,,,,,,9.6,5.8,124.2,1020.8,88.8
Saturday,03:00:00,14882,118909.0,2.5,23.4,52.0,15.7,104.4,14.6,,,,,,,,,,,9.5,5.8,184.0,1020.9,89.5
Saturday,03:00:00,14901,118908.0,2.4,22.6,50.2,14.8,98.7,13.7,,,,,,,,,,,9.0,5.8,211.3,1019.3,88.4
Saturday,04:00:00,14558,118907.0,2.3,21.6,48.0,14.3,95.5,12.8,,,,,,,,,,,9.6,6.3,182.1,1021.0,90.2
Saturday,04:00:00,14878,118912.0,2.4,22.2,49.4,14.7,98.2,13.8,,,,,,,,,,,9.4,6.3,182.3,1020.6,89.7
Saturday,04:00:00,14882,118909.0,2.4,21.6,48.0,14.1,94.2,12.9,,,,,,,,,,,9.4,6.3,182.1,1020.6,90.4
Saturday,04:00:00,14901,118908.0,2.3,20.3,45.1,12.9,85.9,11.7,,,,,,,,,,,9.0,6.3,209.1,1019.0,89.3
Saturday,05:00:00,14558,118907.0,2.3,20.7,46.1,13.5,89.9,11.8,,,,,,,,,,,9.6,6.6,177.8,1020.9,90.8
Saturday,05:00:00,14878,118912.0,2.3,21.0,46.6,13.6,90.9,12.6,,,,,,,,,,,9.5,6.6,178.1,1020.4,90.5
Saturday,05:00:00,14882,118909.0,2.3,20.3,45.2,13.0,86.5,11.7,,,,,,,,,,,9.4,6.5,177.5,1020.5,91.0
Saturday,05:00:00,14901,118908.0,2.2,19.1,42.5,11.8,78.6,10.6,,,,,,,,,,,9.1,6.6,205.1,1018.7,89.9
Saturday,06:00:00,14558,118907.0,2.4,23.1,51.4,15.5,103.5,13.7,,,,,,,,,,,9.8,7.0,177.4,1020.7,91.1
Saturday,06:00:00,14878,118912.0,2.3,21.1,46.9,13.6,90.9,12.3,,,,,,,,,,,9.7,7.0,177.4,1020.2,90.9
Saturday,06:00:00,14882,118909.0,2.3,20.9,46.5,13.3,88.4,12.0,,,,,,,,,,,9.6,7.0,177.4,1020.3,91.3
Saturday,06:00:00,14901,118908.0,2.1,18.8,41.8,11.4,75.9,10.1,,,,,,,,,,,9.3,7.1,204.3,1018.4,90.2
Saturday,07:00:00,14558,118907.0,2.9,30.8,68.4,21.8,145.2,20.1,,,,,,,,,,,10.4,8.0,178.4,1020.7,90.5
Saturday,07:00:00,14878,118912.0,4.7,38.1,84.7,30.6,204.2,29.6,,,,,,,,,,,10.2,7.9,178.3,1020.2,90.9
Saturday,07:00:00,14882,118909.0,3.5,35.2,78.3,26.5,176.6,24.8,,,,,,,,,,,10.1,7.9,178.2,1020.3,91.0
Saturday,07:00:00,14901,118908.0,2.3,21.6,48.0,13.7,91.5,12.5,,,,,,,,,,,9.9,8.2,205.1,1018.3,89.5
Saturday,08:00:00,14558,118907.0,4.6,47.1,104.8,33.7,224.8,29.1,,,,,,,,,,,11.6,9.1,178.8,1020.7,89.0
Saturday,08:00:00,14878,118912.0,4.5,45.4,101.0,35.9,239.6,36.4,,,,,,,,,,,11.1,9.0,178.7,1020.2,90.5
Saturday,08:00:00,14882,118909.0,8.1,72.3,160.6,57.5,383.5,47.5,,,,,,,,,,,11.0,9.1,178.7,1020.2,89.8
Saturday,08:00:00,14901,118908.0,2.5,23.9,53.2,16.0,107.0,14.5,,,,,,,,,,,10.8,9.4,204.7,1018.2,88.3
Saturday,09:00:00,14558,118907.0,7.8,69.6,154.8,54.7,364.8,48.4,,,,,,,,,,,12.5,10.3,180.6,1020.5,87.0
Saturday,09:00:00,14878,118912.0,10.5,83.0,184.5,73.8,492.3,75.7,,,,,,,,,,,11.8,10.2,180.4,1020.0,88.6
Saturday,09:00:00,14882,118909.0,11.8,94.6,210.2,79.7,531.1,66.6,,,,,,,,,,,11.9,10.3,180.6,1020.0,87.8
Saturday,09:00:00,14901,118908.0,3.0,32.6,72.5,23.1,154.1,21.6,,,,,,,,,,,11.8,10.7,205.2,1017.9,86.1
Saturday,10:00:00,14558,118907.0,5.1,52.0,115.5,38.8,258.5,34.7,,,,,,,,,,,13.3,11.1,182.6,1020.2,84.7
Saturday,10:00:00,14878,118912.0,5.2,51.0,113.2,40.7,271.0,41.7,,,,,,,,,,,12.7,11.1,182.6,1019.7,86.0
Saturday,10:00:00,14882,118909.0,5.9,57.1,126.9,44.6,297.4,39.8,,,,,,,,,,,12.7,11.1,182.6,1019.8,85.6
Saturday,10:00:00,14901,118908.0,3.1,33.5,74.5,24.0,159.7,22.7,,,,,,,,,,,12.7,11.5,204.4,1017.6,83.9
Saturday,11:00:00,14558,118907.0,6.1,57.8,128.4,45.2,301.5,39.9,,,,,,,,,,,14.2,11.6,186.5,1019.7,82.6
Saturday,11:00:00,14878,118912.0,8.7,70.8,157.2,61.5,409.7,61.1,,,,,,,,,,,13.5,11.5,186.3,1019.2,83.9
Saturday,11:00:00,14882,118909.0,7.6,66.4,147.6,55.4,369.1,47.9,,,,,,,,,,,13.5,11.6,186.5,1019.2,83.8
Saturday,11:00:00,14901,118908.0,4.1,44.4,98.8,33.6,224.0,33.1,,,,,,,,,,,13.4,12.0,206.2,1017.1,82.3
Saturday,12:00:00,14558,118907.0,10.0,82.9,184.1,69.3,462.0,62.2,,,,,,,,,,,14.9,11.9,187.9,1019.1,81.6
Saturday,12:00:00,14878,118912.0,15.5,112.1,249.2,104.0,693.1,103.8,,,,,,,,,,,14.2,11.9,188.0,1018.6,82.4
Saturday,12:00:00,14882,118909.0,12.0,91.5,203.2,81.9,546.1,72.7,,,,,,,,,,,14.3,11.9,188.1,1018.6,82.9
Saturday,12:00:00,14901,118908.0,8.6,72.2,160.5,62.0,413.3,61.8,,,,,,,,,,,14.2,12.3,206.8,1016.4,81.3
Saturday,13:00:00,14558,118907.0,13.3,101.4,225.4,89.2,594.9,85.9,,,,,,,,,,,15.5,12.2,188.3,1018.6,80.3
Saturday,13:00:00,14878,118912.0,20.2,138.9,308.8,131.9,879.6,132.4,,,,,,,,,,,14.9,12.1,188.3,1018.0,80.2
Saturday,13:00:00,14882,118909.0,16.7,120.2,267.2,110.6,737.4,101.5,,,,,,,,,,,14.9,12.1,188.3,1018.1,81.6
Saturday,13:00:00,14901,118908.0,14.5,105.5,234.4,97.8,652.2,103.4,,,,,,,,,,,14.8,12.4,207.2,1015.9,79.8
Saturday,14:00:00,14558,118907.0,13.3,100.7,223.8,88.8,591.8,86.8,,,,,,,,,,,15.9,12.3,199.3,1018.3,79.3
Saturday,14:00:00,14878,118912.0,19.3,133.6,297.0,126.6,844.1,125.9,,,,,,,,,,,15.3,12.3,198.4,1017.8,79.0
Saturday,14:00:00,14882,118909.0,16.2,118.1,262.5,107.0,713.1,96.4,,,,,,,,,,,15.3,12.3,199.3,1017.8,80.4
Saturday,14:00:00,14901,118908.0,14.4,102.5,227.8,96.0,639.7,101.7,,,,,,,,,,,15.2,12.5,219.9,1015.5,79.1
Saturday,15:00:00,14558,118907.0,14.1,106.7,237.1,94.2,628.1,92.9,,,,,,,,,,,15.8,12.5,214.4,1018.2,79.8
Saturday,15:00:00,14878,118912.0,24.2,161.3,358.4,155.5,1036.4,154.4,,,,,,,,,,,15.4,12.5,214.4,1017.6,79.0
Saturday,15:00:00,14882,118909.0,18.1,128.2,284.9,119.4,796.3,113.6,,,,,,,,,,,15.3,12.5,215.2,1017.7,81.0
Saturday,15:00:00,14901,118908.0,13.8,97.8,217.3,91.4,609.1,97.1,,,,,,,,,,,15.2,12.8,238.7,1015.4,79.8
Saturday,16:00:00,14558,118907.0,11.7,88.5,196.8,79.4,529.4,80.3,,,,,,,,,,,15.8,12.5,213.8,1018.0,80.3
Saturday,16:00:00,14878,118912.0,21.0,144.6,321.4,136.4,909.3,129.0,,,,,,,,,,,15.4,12.5,214.0,1017.4,79.4
Saturday,16:00:00,14882,118909.0,13.8,101.3,225.0,93.1,620.4,88.1,,,,,,,,,,,15.2,12.5,214.0,1017.5,81.4
Saturday,16:00:00,14901,118908.0,12.4,90.6,201.2,83.5,557.0,87.9,,,,,,,,,,,15.2,12.9,238.7,1015.1,80.3
Saturday,17:00:00,14558,118907.0,10.3,79.3,176.2,70.1,467.2,67.6,,,,,,,,,,,15.5,12.2,210.3,1018.1,82.4
Saturday,17:00:00,14878,118912.0,23.5,160.0,355.5,151.4,1009.4,141.0,,,,,,,,,,,15.1,12.2,210.6,1017.5,81.2
Saturday,17:00:00,14882,118909.0,13.4,98.3,218.4,89.8,598.5,81.5,,,,,,,,,,,15.0,12.2,210.3,1017.6,83.6
Saturday,17:00:00,14901,118908.0,9.9,76.5,170.1,69.3,461.9,71.4,,,,,,,,,,,15.0,12.7,235.3,1015.2,82.2
Saturday,18:00:00,14558,118907.0,11.2,86.7,192.7,75.8,505.2,72.3,,,,,,,,,,,15.2,12.2,208.7,1018.2,84.4
Saturday,18:00:00,14878,118912.0,26.2,176.4,392.1,167.8,1118.7,157.2,,,,,,,,,,,14.9,12.2,208.9,1017.7,83.3
Saturday,18:00:00,14882,118909.0,15.1,112.1,249.2,100.8,671.8,88.6,,,,,,,,,,,14.7,12.2,208.7,1017.7,85.5
Saturday,18:00:00,14901,118908.0,14.2,101.0,224.5,94.7,631.4,99.8,,,,,,,,,,,14.8,12.7,233.7,1015.3,83.9
Saturday,19:00:00,14558,118907.0,14.5,112.1,249.0,97.0,646.5,90.5,,,,,,,,,,,14.5,12.2,211.9,1018.2,86.3
Saturday,19:00:00,14878,118912.0,31.1,205.8,457.4,197.1,1313.9,182.9,,,,,,,,,,,14.3,12.2,211.9,1017.7,84.6
Saturday,19:00:00,14882,118909.0,18.8,136.6,303.5,123.2,821.4,107.2,,,,,,,,,,,14.2,12.2,211.9,1017.8,87.3
Saturday,19:00:00,14901,118908.0,20.5,137.7,306.0,132.7,884.9,141.2,,,,,,,,,,,14.2,12.6,237.9,1015.3,85.2
Saturday,20:00:00,14558,118907.0,15.1,115.3,256.3,101.4,676.0,97.2,,,,,,,,,,,14.1,12.2,215.9,1018.3,87.7
Saturday,20:00:00,14878,118912.0,27.1,182.5,405.5,173.2,1154.4,161.4,,,,,,,,,,,14.2,12.2,216.1,1017.7,86.2
Saturday,20:00:00,14882,118909.0,19.0,137.0,304.5,124.5,830.3,108.7,,,,,,,,,,,13.9,12.2,215.9,1017.8,88.8
Saturday,20:00:00,14901,118908.0,23.6,157.2,349.4,151.9,1012.6,158.8,,,,,,,,,,,14.0,12.5,242.9,1015.3,86.5
Saturday,21:00:00,14558,118907.0,14.1,109.2,242.7,95.5,636.7,88.7,,,,,,,,,,,13.5,12.2,216.9,1018.3,88.9
Saturday,21:00:00,14878,118912.0,23.2,159.4,354.2,149.7,997.8,139.8,,,,,,,,,,,13.7,12.1,217.2,1017.7,87.3
Saturday,21:00:00,14882,118909.0,17.9,130.5,290.1,117.8,785.6,101.7,,,,,,,,,,,13.5,12.2,216.9,1017.8,89.7
Saturday,21:00:00,14901,118908.0,13.8,102.6,228.0,93.3,622.1,92.9,,,,,,,,,,,13.5,12.5,243.8,1015.4,87.9
Saturday,22:00:00,14558,118907.0,9.0,76.2,169.4,64.3,428.8,59.1,,,,,,,,,,,13.1,12.4,218.9,1018.1,89.3
Saturday,22:00:00,14878,118912.0,19.1,135.4,300.9,125.0,833.5,117.0,,,,,,,,,,,13.0,12.4,218.7,1017.6,87.7
Saturday,22:00:00,14882,118909.0,12.1,95.2,211.5,83.6,557.5,73.4,,,,,,,,,,,13.0,12.4,218.8,1017.7,89.8
Saturday,22:00:00,14901,118908.0,8.4,71.0,157.8,60.6,404.0,58.9,,,,,,,,,,,12.9,12.9,245.5,1015.3,88.4
Saturday,23:00:00,14558,118907.0,5.3,52.5,116.8,41.2,274.3,37.9,,,,,,,,,,,12.8,12.7,221.2,1018.1,89.5
Saturday,23:00:00,14878,118912.0,4.7,49.8,110.7,38.6,257.6,37.4,,,,,,,,,,,12.6,12.7,221.3,1017.6,88.1
Saturday,23:00:00,14882,118909.0,6.1,58.6,130.1,47.1,314.0,43.2,,,,,,,,,,,12.7,12.7,221.4,1017.7,89.8
Saturday,23:00:00,14901,118908.0,5.5,51.5,114.4,41.3,275.5,38.7,,,,,,,,,,,12.6,13.3,247.3,1015.2,89.1
Sunday,00:00:00,14558,118907.0,3.5,41.4,92.1,29.4,196.1,26.8,,,,,,,,,,,12.5,12.8,218.1,1018.0,89.8
Sunday,00:00:00,14878,118912.0,3.3,37.2,82.6,26.9,179.6,26.2,,,,,,,,,,,12.2,12.8,218.1,1017.6,88.9
Sunday,00:00:00,14882,118909.0,3.7,41.5,92.2,30.2,201.5,27.6,,,,,,,,,,,12.2,12.8,218.0,1017.6,90.2
Sunday,00:00:00,14901,118908.0,3.7,42.0,93.4,30.4,202.4,27.8,,,,,,,,,,,12.3,13.7,242.2,1015.2,89.9
Sunday,01:00:00,14558,118907.0,2.9,30.5,67.9,21.6,143.9,19.5,,,,,,,,,,,12.0,11.8,219.1,1017.9,90.9
Sunday,01:00:00,14878,118912.0,2.7,27.5,61.1,19.6,130.6,18.7,,,,,,,,,,,11.9,11.8,219.5,1017.4,89.6
Sunday,01:00:00,14882,118909.0,2.9,30.9,68.8,22.4,149.0,20.5,,,,,,,,,,,11.8,11.8,219.2,1017.4,91.0
Sunday,01:00:00,14901,118908.0,2.9,30.0,66.8,21.3,141.8,19.7,,,,,,,,,,,11.8,12.6,240.5,1015.5,90.8
Sunday,02:00:00,14558,118907.0,2.5,24.0,53.4,16.0,106.8,14.2,,,,,,,,,,,11.5,12.6,206.0,1017.7,90.6
Sunday,02:00:00,14878,118912.0,2.4,23.2,51.5,15.5,103.1,14.3,,,,,,,,,,,11.4,12.6,206.1,1017.2,89.6
Sunday,02:00:00,14882,118909.0,2.4,23.8,53.0,15.8,105.3,14.5,,,,,,,,,,,11.3,12.6,206.2,1017.3,90.8
Sunday,02:00:00,14901,118908.0,2.5,24.0,53.3,15.9,106.0,14.8,,,,,,,,,,,11.2,13.7,229.7,1015.0,90.0
Sunday,03:00:00,14558,118907.0,2.4,22.5,50.0,14.6,97.1,12.7,,,,,,,,,,,11.1,12.7,203.3,1017.6,90.6
Sunday,03:00:00,14878,118912.0,2.3,22.3,49.5,14.5,96.9,13.4,,,,,,,,,,,11.0,12.7,203.3,1017.1,90.1
Sunday,03:00:00,14882,118909.0,2.4,22.4,49.7,14.4,95.8,13.0,,,,,,,,,,,10.9,12.7,203.2,1017.2,91.1
Sunday,03:00:00,14901,118908.0,2.4,22.5,50.0,14.5,96.6,13.2,,,,,,,,,,,10.9,13.8,225.7,1014.9,89.8
Sunday,04:00:00,14558,118907.0,2.3,21.5,47.9,13.6,90.5,11.7,,,,,,,,,,,10.9,12.6,201.3,1017.5,90.4
Sunday,04:00:00,14878,118912.0,2.3,21.2,47.2,13.5,89.8,12.2,,,,,,,,,,,10.8,12.6,201.3,1017.0,89.9
Sunday,04:00:00,14882,118909.0,2.3,21.6,48.0,13.5,89.8,12.1,,,,,,,,,,,10.7,12.6,201.3,1017.1,90.9
Sunday,04:00:00,14901,118908.0,2.3,21.6,47.9,13.3,89.0,12.0,,,,,,,,,,,10.7,13.8,224.8,1014.8,89.4
Sunday,05:00:00,14558,118907.0,2.3,21.2,47.1,13.2,88.1,11.4,,,,,,,,,,,10.9,12.8,200.7,1017.4,90.1
Sunday,05:00:00,14878,118912.0,2.3,21.2,47.2,13.4,89.6,12.1,,,,,,,,,,,10.8,12.8,200.7,1016.9,89.7
Sunday,05:00:00,14882,118909.0,2.3,21.3,47.4,13.2,87.9,11.8,,,,,,,,,,,10.7,12.8,200.9,1017.0,90.5
Sunday,05:00:00,14901,118908.0,2.3,20.8,46.1,12.5,83.4,11.2,,,,,,,,,,,10.6,14.0,225.7,1014.7,89.1
Sunday,06:00:00,14558,118907.0,2.3,20.9,46.5,12.9,85.8,11.2,,,,,,,,,,,11.0,13.1,203.4,1017.4,89.5
Sunday,06:00:00,14878,118912.0,2.3,20.7,45.9,12.9,85.7,11.8,,,,,,,,,,,10.9,13.1,203.4,1017.0,89.4
Sunday,06:00:00,14882,118909.0,2.3,20.9,46.4,12.8,85.3,11.5,,,,,,,,,,,10.7,13.1,203.3,1017.0,90.0
Sunday,06:00:00,14901,118908.0,2.2,19.7,43.9,11.5,76.5,10.1,,,,,,,,,,,10.7,14.3,229.6,1014.7,88.5
Sunday,07:00:00,14558,118907.0,2.3,20.4,45.4,12.5,83.1,10.9,,,,,,,,,,,11.0,13.3,206.3,1017.6,88.7
Sunday,07:00:00,14878,118912.0,2.3,20.8,46.3,13.1,87.3,12.2,,,,,,,,,,,11.0,13.3,206.0,1017.2,88.6
Sunday,07:00:00,14882,118909.0,2.3,20.5,45.6,12.5,83.3,11.3,,,,,,,,,,,10.8,13.4,206.3,1017.2,89.2
Sunday,07:00:00,14901,118908.0,2.1,18.7,41.6,10.6,70.9,9.3,,,,,,,,,,,10.7,14.4,232.8,1015.0,87.8
Sunday,08:00:00,14558,118907.0,3.2,33.5,74.3,23.9,159.5,22.3,,,,,,,,,,,11.7,13.6,209.4,1017.9,87.0
Sunday,08:00:00,14878,118912.0,3.4,30.6,68.1,23.1,153.9,24.2,,,,,,,,,,,11.6,13.6,209.2,1017.4,87.4
Sunday,08:00:00,14882,118909.0,3.9,41.2,91.4,31.3,208.4,29.9,,,,,,,,,,,11.4,13.6,209.6,1017.5,87.7
Sunday,08:00:00,14901,118908.0,2.4,22.8,50.6,14.4,95.9,13.3,,,,,,,,,,,11.3,14.5,235.9,1015.2,86.9
Sunday,09:00:00,14558,118907.0,2.8,29.5,65.6,19.9,132.4,18.2,,,,,,,,,,,13.2,14.1,215.6,1018.1,83.4
Sunday,09:00:00,14878,118912.0,2.9,31.0,68.9,22.3,148.6,23.5,,,,,,,,,,,12.8,14.1,215.1,1017.6,84.0
Sunday,09:00:00,14882,118909.0,3.6,39.6,88.0,29.1,194.1,27.3,,,,,,,,,,,12.7,14.1,215.6,1017.6,84.4
Sunday,09:00:00,14901,118908.0,2.4,22.9,50.9,14.8,98.4,13.7,,,,,,,,,,,12.6,14.9,241.3,1015.4,84.4
Sunday,10:00:00,14558,118907.0,3.6,36.8,81.9,26.6,177.6,24.2,,,,,,,,,,,14.0,14.8,221.1,1018.1,80.4
Sunday,10:00:00,14878,118912.0,3.5,34.3,76.2,25.6,170.8,26.6,,,,,,,,,,,13.7,14.8,220.9,1017.5,80.6
Sunday,10:00:00,14882,118909.0,5.0,49.5,109.9,38.4,256.1,33.6,,,,,,,,,,,13.4,14.8,221.1,1017.5,81.3
Sunday,10:00:00,14901,118908.0,2.4,23.6,52.4,15.4,103.0,14.7,,,,,,,,,,,13.4,15.5,246.9,1015.4,81.0
Sunday,11:00:00,14558,118907.0,6.5,61.1,135.9,48.2,321.2,42.7,,,,,,,,,,,14.7,15.2,165.5,1017.8,77.6
Sunday,11:00:00,14878,118912.0,10.2,81.7,181.6,72.5,483.5,66.7,,,,,,,,,,,14.5,15.2,165.2,1017.3,77.3
Sunday,11:00:00,14882,118909.0,11.0,88.3,196.3,75.6,504.3,62.1,,,,,,,,,,,14.1,15.2,165.4,1017.3,78.6
Sunday,11:00:00,14901,118908.0,3.3,37.0,82.2,26.9,179.4,25.7,,,,,,,,,,,14.2,16.0,179.4,1015.2,77.8
Sunday,12:00:00,14558,118907.0,9.6,81.8,181.7,67.8,452.1,61.5,,,,,,,,,,,15.4,15.4,167.2,1017.5,76.2
Sunday,12:00:00,14878,118912.0,14.1,103.6,230.3,95.0,633.4,94.0,,,,,,,,,,,15.0,15.4,167.2,1017.0,76.2
Sunday,12:00:00,14882,118909.0,15.1,116.9,259.8,101.5,676.7,84.9,,,,,,,,,,,14.6,15.4,167.2,1017.0,77.5
Sunday,12:00:00,14901,118908.0,8.7,71.5,158.9,62.4,416.3,65.5,,,,,,,,,,,14.9,16.2,181.3,1014.9,76.5
Sunday,13:00:00,14558,118907.0,15.7,117.5,261.1,103.9,692.4,100.6,,,,,,,,,,,15.8,15.0,214.4,1017.2,75.7
Sunday,13:00:00,14878,118912.0,31.0,203.3,451.9,196.8,1312.0,182.4,,,,,,,,,,,15.4,15.0,215.9,1016.6,75.1
Sunday,13:00:00,14882,118909.0,20.8,147.3,327.3,135.3,901.8,122.8,,,,,,,,,,,15.2,15.0,214.6,1016.7,77.1
Sunday,13:00:00,14901,118908.0,14.0,99.7,221.5,93.6,623.8,100.7,,,,,,,,,,,15.4,15.8,238.0,1014.5,76.1
Sunday,14:00:00,14558,118907.0,16.8,123.2,273.9,110.9,739.0,109.5,,,,,,,,,,,16.1,14.7,212.1,1017.0,75.5
Sunday,14:00:00,14878,118912.0,28.2,189.0,420.1,179.7,1197.9,161.9,,,,,,,,,,,15.9,14.7,212.2,1016.4,74.4
Sunday,14:00:00,14882,118909.0,20.1,139.2,309.3,130.7,871.4,122.7,,,,,,,,,,,15.6,14.8,212.1,1016.4,76.9
Sunday,14:00:00,14901,118908.0,18.4,126.4,280.9,119.9,799.1,124.4,,,,,,,,,,,15.7,15.5,235.7,1014.3,76.3
Sunday,15:00:00,14558,118907.0,13.5,103.0,228.8,91.1,607.1,89.1,,,,,,,,,,,16.1,14.4,207.4,1017.0,76.1
Sunday,15:00:00,14878,118912.0,22.7,156.2,347.0,146.8,978.4,136.3,,,,,,,,,,,15.9,14.5,207.6,1016.4,75.0
Sunday,15:00:00,14882,118909.0,14.7,106.9,237.6,98.4,655.8,91.9,,,,,,,,,,,15.7,14.5,207.6,1016.4,77.1
Sunday,15:00:00,14901,118908.0,17.0,118.9,264.2,111.9,746.0,115.0,,,,,,,,,,,15.7,15.3,231.0,1014.3,77.1
Sunday,16:00:00,14558,118907.0,10.6,82.6,183.6,73.0,486.5,71.7,,,,,,,,,,,15.6,14.2,204.0,1017.0,77.6
Sunday,16:00:00,14878,118912.0,27.0,182.8,406.3,172.7,1151.5,156.6,,,,,,,,,,,15.5,14.2,203.9,1016.4,76.6
Sunday,16:00:00,14882,118909.0,13.1,96.5,214.4,87.6,584.2,80.9,,,,,,,,,,,15.2,14.2,203.9,1016.5,78.8
Sunday,16:00:00,14901,118908.0,13.7,98.9,219.8,91.7,611.2,94.2,,,,,,,,,,,15.3,15.1,227.1,1014.4,78.4
Sunday,17:00:00,14558,118907.0,9.9,79.6,176.9,69.8,465.0,67.5,,,,,,,,,,,15.2,14.1,197.0,1017.0,80.1
Sunday,17:00:00,14878,118912.0,28.3,189.7,421.6,180.0,1200.2,163.2,,,,,,,,,,,15.3,14.1,197.0,1016.4,78.9
Sunday,17:00:00,14882,118909.0,11.8,90.0,199.9,81.1,540.7,75.2,,,,,,,,,,,14.8,14.1,197.1,1016.5,81.6
Sunday,17:00:00,14901,118908.0,14.5,104.9,233.1,97.1,647.1,97.8,,,,,,,,,,,14.8,15.0,219.3,1014.4,80.7
Sunday,18:00:00,14558,118907.0,9.9,81.9,181.9,70.2,468.1,65.8,,,,,,,,,,,14.8,14.6,196.6,1017.1,82.5
Sunday,18:00:00,14878,118912.0,27.8,187.3,416.2,177.2,1181.2,161.8,,,,,,,,,,,15.0,14.5,196.3,1016.5,81.2
Sunday,18:00:00,14882,118909.0,14.3,107.7,239.3,96.6,644.2,87.7,,,,,,,,,,,14.4,14.5,196.5,1016.6,84.1
Sunday,18:00:00,14901,118908.0,10.6,82.6,183.5,73.7,491.1,72.0,,,,,,,,,,,14.5,15.5,218.3,1014.5,83.0
Sunday,19:00:00,14558,118907.0,9.5,78.4,174.1,67.4,449.5,64.6,,,,,,,,,,,14.5,14.9,200.1,1017.0,84.7
Sunday,19:00:00,14878,118912.0,26.1,176.3,391.8,167.0,1113.5,154.5,,,,,,,,,,,14.6,14.9,200.1,1016.5,83.4
Sunday,19:00:00,14882,118909.0,13.4,101.8,226.1,91.5,610.1,84.3,,,,,,,,,,,14.1,14.9,200.1,1016.6,86.5
Sunday,19:00:00,14901,118908.0,10.0,78.8,175.0,69.9,466.3,71.2,,,,,,,,,,,14.2,16.2,221.8,1014.4,85.1
Sunday,20:00:00,14558,118907.0,8.8,75.3,167.3,63.0,420.2,59.9,,,,,,,,,,,14.2,15.5,203.1,1017.1,86.0
Sunday,20:00:00,14878,118912.0,20.2,140.1,311.4,131.4,876.3,124.9,,,,,,,,,,,14.3,15.5,203.1,1016.5,85.3
Sunday,20:00:00,14882,118909.0,12.4,96.5,214.5,85.2,568.2,78.3,,,,,,,,,,,13.8,15.5,203.2,1016.6,88.2
Sunday,20:00:00,14901,118908.0,7.2,61.9,137.6,52.2,347.7,52.6,,,,,,,,,,,14.0,17.0,225.5,1014.5,86.3
Sunday,21:00:00,14558,118907.0,5.6,54.7,121.5,43.4,289.4,41.5,,,,,,,,,,,13.9,15.4,205.5,1017.2,87.4
Sunday,21:00:00,14878,118912.0,5.9,54.2,120.3,44.3,295.6,41.6,,,,,,,,,,,13.9,15.5,205.5,1016.6,86.6
Sunday,21:00:00,14882,118909.0,6.5,60.9,135.3,50.3,335.7,47.8,,,,,,,,,,,13.5,15.5,205.3,1016.7,88.8
Sunday,21:00:00,14901,118908.0,4.6,47.8,106.2,37.0,246.5,36.6,,,,,,,,,,,13.8,17.1,228.9,1014.5,87.9
Sunday,22:00:00,14558,118907.0,3.4,35.8,79.5,26.1,173.9,24.6,,,,,,,,,,,13.8,14.4,207.5,1017.2,88.1
Sunday,22:00:00,14878,118912.0,3.3,35.7,79.4,26.4,176.1,26.4,,,,,,,,,,,13.7,14.5,207.5,1016.7,87.8
Sunday,22:00:00,14882,118909.0,3.4,34.8,77.4,25.8,171.8,24.8,,,,,,,,,,,13.2,14.5,207.4,1016.7,89.2
Sunday,22:00:00,14901,118908.0,3.1,34.7,77.1,25.2,168.1,24.4,,,,,,,,,,,13.7,16.1,233.1,1014.6,88.4
Sunday,23:00:00,14558,118907.0,3.3,37.7,83.8,26.7,178.0,23.7,,,,,,,,,,,13.2,12.9,211.6,1017.1,89.2
Sunday,23:00:00,14878,118912.0,4.2,35.2,78.3,27.3,181.9,26.2,,,,,,,,,,,13.0,13.1,211.0,1016.6,89.1
Sunday,23:00:00,14882,118909.0,3.3,35.3,78.5,25.4,169.6,22.9,,,,,,,,,,,12.8,13.1,211.2,1016.7,90.2
Sunday,23:00:00,14901,118908.0,3.3,37.0,82.3,26.8,178.5,24.4,,,,,,,,,,,13.2,14.2,238.5,1014.6,89.4
