Sensor id,Day,Date,Hour,PM,Period,Calc,Value
14558,1,,0,PM10,weekly,mean,25.94
14558,1,,0,PM2.5,weekly,mean,17.563333333333333
14558,1,,1,PM10,weekly,mean,18.485
14558,1,,1,PM2.5,weekly,mean,11.235
14558,1,,2,PM10,weekly,mean,16.713333333333335
14558,1,,2,PM2.5,weekly,mean,9.84
14558,1,,3,PM10,weekly,mean,14.94
14558,1,,3,PM2.5,weekly,mean,8.201666666666666
14558,1,,4,PM10,weekly,mean,14.291666666666666
14558,1,,4,PM2.5,weekly,mean,7.145
14558,1,,5,PM10,weekly,mean,16.09166666666667
14558,1,,5,PM2.5,weekly,mean,8.421666666666667
14558,1,,6,PM10,weekly,mean,20.01
14558,1,,6,PM2.5,weekly,mean,11.036666666666667
14558,1,,7,PM10,weekly,mean,26.88166666666667
14558,1,,7,PM2.5,weekly,mean,17.31833333333333
14558,1,,8,PM10,weekly,mean,50.56833333333333
14558,1,,8,PM2.5,weekly,mean,38.431666666666665
14558,1,,9,PM10,weekly,mean,58.208333333333336
14558,1,,9,PM2.5,weekly,mean,47.175000000000004
14558,1,,10,PM10,weekly,mean,42.54333333333333
14558,1,,10,PM2.5,weekly,mean,31.326666666666668
14558,1,,11,PM10,weekly,mean,48.221666666666664
14558,1,,11,PM2.5,weekly,mean,35.665
14558,1,,12,PM10,weekly,mean,56.78333333333333
14558,1,,12,PM2.5,weekly,mean,45.00666666666667
14558,1,,13,PM10,weekly,mean,73.94833333333334
14558,1,,13,PM2.5,weekly,mean,59.44166666666666
14558,1,,14,PM10,weekly,mean,63.40166666666667
14558,1,,14,PM2.5,weekly,mean,50.27666666666667
14558,1,,15,PM10,weekly,mean,58.56166666666667
14558,1,,15,PM2.5,weekly,mean,47.07833333333334
14558,1,,16,PM10,weekly,mean,60.47833333333333
14558,1,,16,PM2.5,weekly,mean,48.60333333333333
14558,1,,17,PM10,weekly,mean,64.10333333333334
14558,1,,17,PM2.5,weekly,mean,51.695
14558,1,,18,PM10,weekly,mean,63.805
14558,1,,18,PM2.5,weekly,mean,52.535
14558,1,,19,PM10,weekly,mean,68.93333333333334
14558,1,,19,PM2.5,weekly,mean,56.285
14558,1,,20,PM10,weekly,mean,69.24833333333333
14558,1,,20,PM2.5,weekly,mean,56.42166666666666
14558,1,,21,PM10,weekly,mean,54.96666666666667
14558,1,,21,PM2.5,weekly,mean,43.75333333333333
14558,1,,22,PM10,weekly,mean,37.791666666666664
14558,1,,22,PM2.5,weekly,mean,26.88
14558,1,,23,PM10,weekly,mean,25.885
14558,1,,23,PM2.5,weekly,mean,17.228333333333335
14558,2,,0,PM10,weekly,mean,18.478333333333335
14558,2,,0,PM2.5,weekly,mean,10.678333333333333
14558,2,,1,PM10,weekly,mean,16.041428571428572
14558,2,,1,PM2.5,weekly,mean,8.228571428571428
14558,2,,2,PM10,weekly,mean,16.908571428571427
14558,2,,2,PM2.5,weekly,mean,9.162857142857144
14558,2,,3,PM10,weekly,mean,16.26
14558,2,,3,PM2.5,weekly,mean,8.415714285714285
14558,2,,4,PM10,weekly,mean,17.77857142857143
14558,2,,4,PM2.5,weekly,mean,9.838571428571429
14558,2,,5,PM10,weekly,mean,20.915714285714284
14558,2,,5,PM2.5,weekly,mean,12.174285714285714
14558,2,,6,PM10,weekly,mean,21.341428571428573
14558,2,,6,PM2.5,weekly,mean,12.647142857142857
14558,2,,7,PM10,weekly,mean,23.774285714285714
14558,2,,7,PM2.5,weekly,mean,14.755714285714287
14558,2,,8,PM10,weekly,mean,39.69285714285714
14558,2,,8,PM2.5,weekly,mean,28.915714285714284
14558,2,,9,PM10,weekly,mean,88.49428571428572
14558,2,,9,PM2.5,weekly,mean,71.89571428571428
14558,2,,10,PM10,weekly,mean,60.675714285714285
14558,2,,10,PM2.5,weekly,mean,44.92285714285714
14558,2,,11,PM10,weekly,mean,64.81857142857143
14558,2,,11,PM2.5,weekly,mean,47.94571428571429
14558,2,,12,PM10,weekly,mean,72.13142857142857
14558,2,,12,PM2.5,weekly,mean,57.01857142857143
14558,2,,13,PM10,weekly,mean,79.74
14558,2,,13,PM2.5,weekly,mean,63.23142857142857
14558,2,,14,PM10,weekly,mean,70.29285714285714
14558,2,,14,PM2.5,weekly,mean,54.86571428571428
14558,2,,15,PM10,weekly,mean,60.528571428571425
14558,2,,15,PM2.5,weekly,mean,45.93714285714286
14558,2,,16,PM10,weekly,mean,52.324285714285715
14558,2,,16,PM2.5,weekly,mean,40.59142857142857
14558,2,,17,PM10,weekly,mean,55.712857142857146
14558,2,,17,PM2.5,weekly,mean,43.042857142857144
14558,2,,18,PM10,weekly,mean,64.37571428571428
14558,2,,18,PM2.5,weekly,mean,50.777142857142856
14558,2,,19,PM10,weekly,mean,74.69714285714285
14558,2,,19,PM2.5,weekly,mean,60.93714285714286
14558,2,,20,PM10,weekly,mean,74.50142857142858
14558,2,,20,PM2.5,weekly,mean,61.05285714285714
14558,2,,21,PM10,weekly,mean,64.53714285714285
14558,2,,21,PM2.5,weekly,mean,51.15428571428571
14558,2,,22,PM10,weekly,mean,50.08571428571429
14558,2,,22,PM2.5,weekly,mean,37.85285714285715
14558,2,,23,PM10,weekly,mean,40.879999999999995
14558,2,,23,PM2.5,weekly,mean,29.72714285714286
14558,3,,0,PM10,weekly,mean,37.86571428571428
14558,3,,0,PM2.5,weekly,mean,26.935714285714287
14558,3,,1,PM10,weekly,mean,34.98428571428571
14558,3,,1,PM2.5,weekly,mean,23.787142857142857
14558,3,,2,PM10,weekly,mean,39.27285714285714
14558,3,,2,PM2.5,weekly,mean,25.927142857142854
14558,3,,3,PM10,weekly,mean,40.300000000000004
14558,3,,3,PM2.5,weekly,mean,26.09
14558,3,,4,PM10,weekly,mean,41.21714285714285
14558,3,,4,PM2.5,weekly,mean,26.907142857142855
14558,3,,5,PM10,weekly,mean,44.43
14558,3,,5,PM2.5,weekly,mean,29.34
14558,3,,6,PM10,weekly,mean,44.78857142857142
14558,3,,6,PM2.5,weekly,mean,29.745714285714286
14558,3,,7,PM10,weekly,mean,45.05714285714286
14558,3,,7,PM2.5,weekly,mean,31.474285714285713
14558,3,,8,PM10,weekly,mean,45.17714285714286
14558,3,,8,PM2.5,weekly,mean,32.47571428571428
14558,3,,9,PM10,weekly,mean,35.182857142857145
14558,3,,9,PM2.5,weekly,mean,24.42142857142857
14558,3,,10,PM10,weekly,mean,42.46714285714285
14558,3,,10,PM2.5,weekly,mean,30.687142857142856
14558,3,,11,PM10,weekly,mean,53.80428571428571
14558,3,,11,PM2.5,weekly,mean,41.04285714285714
14558,3,,12,PM10,weekly,mean,82.01285714285713
14558,3,,12,PM2.5,weekly,mean,69.22857142857143
14558,3,,13,PM10,weekly,mean,87.2
14558,3,,13,PM2.5,weekly,mean,74.90428571428572
14558,3,,14,PM10,weekly,mean,72.6557142857143
14558,3,,14,PM2.5,weekly,mean,61.14857142857142
14558,3,,15,PM10,weekly,mean,51.120000000000005
14558,3,,15,PM2.5,weekly,mean,40.53142857142858
14558,3,,16,PM10,weekly,mean,46.34142857142857
14558,3,,16,PM2.5,weekly,mean,35.652857142857144
14558,3,,17,PM10,weekly,mean,58.28857142857142
14558,3,,17,PM2.5,weekly,mean,48.23428571428571
14558,3,,18,PM10,weekly,mean,60.89714285714286
14558,3,,18,PM2.5,weekly,mean,50.67714285714286
14558,3,,19,PM10,weekly,mean,76.10571428571428
14558,3,,19,PM2.5,weekly,mean,65.21714285714286
14558,3,,20,PM10,weekly,mean,86.12714285714286
14558,3,,20,PM2.5,weekly,mean,74.97285714285714
14558,3,,21,PM10,weekly,mean,73.25428571428571
14558,3,,21,PM2.5,weekly,mean,61.69428571428572
14558,3,,22,PM10,weekly,mean,49.69
14558,3,,22,PM2.5,weekly,mean,38.96714285714285
14558,3,,23,PM10,weekly,mean,36.23285714285714
14558,3,,23,PM2.5,weekly,mean,26.005714285714284
14558,4,,0,PM10,weekly,mean,31.22
14558,4,,0,PM2.5,weekly,mean,22.592000000000002
14558,4,,1,PM10,weekly,mean,25.53
14558,4,,1,PM2.5,weekly,mean,17.854000000000003
14558,4,,2,PM10,weekly,mean,26.43166666666667
14558,4,,2,PM2.5,weekly,mean,17.76
14558,4,,3,PM10,weekly,mean,24.06833333333333
14558,4,,3,PM2.5,weekly,mean,16.356666666666666
14558,4,,4,PM10,weekly,mean,23.523333333333337
14558,4,,4,PM2.5,weekly,mean,15.976666666666668
14558,4,,5,PM10,weekly,mean,23.575
14558,4,,5,PM2.5,weekly,mean,15.785000000000002
14558,4,,6,PM10,weekly,mean,23.808333333333334
14558,4,,6,PM2.5,weekly,mean,15.846666666666666
14558,4,,7,PM10,weekly,mean,31.526666666666667
14558,4,,7,PM2.5,weekly,mean,22.185
14558,4,,8,PM10,weekly,mean,41.431666666666665
14558,4,,8,PM2.5,weekly,mean,30.191666666666666
14558,4,,9,PM10,weekly,mean,36.666666666666664
14558,4,,9,PM2.5,weekly,mean,25.986666666666668
14558,4,,10,PM10,weekly,mean,39.67333333333333
14558,4,,10,PM2.5,weekly,mean,29.03333333333333
14558,4,,11,PM10,weekly,mean,39.660000000000004
14558,4,,11,PM2.5,weekly,mean,28.721666666666664
14558,4,,12,PM10,weekly,mean,56.60333333333333
14558,4,,12,PM2.5,weekly,mean,46.303333333333335
14558,4,,13,PM10,weekly,mean,74.50333333333333
14558,4,,13,PM2.5,weekly,mean,63.778333333333336
14558,4,,14,PM10,weekly,mean,72.065
14558,4,,14,PM2.5,weekly,mean,61.98833333333334
14558,4,,15,PM10,weekly,mean,66.91000000000001
14558,4,,15,PM2.5,weekly,mean,57.815
14558,4,,16,PM10,weekly,mean,56.58833333333333
14558,4,,16,PM2.5,weekly,mean,45.69499999999999
14558,4,,17,PM10,weekly,mean,60.00833333333333
14558,4,,17,PM2.5,weekly,mean,49.76666666666667
14558,4,,18,PM10,weekly,mean,77.40833333333333
14558,4,,18,PM2.5,weekly,mean,66.89666666666666
14558,4,,19,PM10,weekly,mean,117.00333333333333
14558,4,,19,PM2.5,weekly,mean,103.685
14558,4,,20,PM10,weekly,mean,130.25833333333335
14558,4,,20,PM2.5,weekly,mean,115.29666666666667
14558,4,,21,PM10,weekly,mean,105.58833333333332
14558,4,,21,PM2.5,weekly,mean,93.58333333333333
14558,4,,22,PM10,weekly,mean,76.94500000000001
14558,4,,22,PM2.5,weekly,mean,65.92166666666667
14558,4,,23,PM10,weekly,mean,51.92666666666667
14558,4,,23,PM2.5,weekly,mean,41.14166666666667
14558,5,,0,PM10,weekly,mean,38.065
14558,5,,0,PM2.5,weekly,mean,27.653333333333336
14558,5,,1,PM10,weekly,mean,30.245
14558,5,,1,PM2.5,weekly,mean,21.296666666666667
14558,5,,2,PM10,weekly,mean,26.441666666666666
14558,5,,2,PM2.5,weekly,mean,18.036666666666665
14558,5,,3,PM10,weekly,mean,26.64
14558,5,,3,PM2.5,weekly,mean,17.846666666666668
14558,5,,4,PM10,weekly,mean,27.186666666666667
14558,5,,4,PM2.5,weekly,mean,18.015
14558,5,,5,PM10,weekly,mean,26.083333333333332
14558,5,,5,PM2.5,weekly,mean,17.28
14558,5,,6,PM10,weekly,mean,28.035
14558,5,,6,PM2.5,weekly,mean,18.646666666666665
14558,5,,7,PM10,weekly,mean,46.083333333333336
14558,5,,7,PM2.5,weekly,mean,37.45166666666666
14558,5,,8,PM10,weekly,mean,37.17166666666667
14558,5,,8,PM2.5,weekly,mean,27.713333333333335
14558,5,,9,PM10,weekly,mean,44.324999999999996
14558,5,,9,PM2.5,weekly,mean,33.045
14558,5,,10,PM10,weekly,mean,40.391666666666666
14558,5,,10,PM2.5,weekly,mean,28.82166666666667
14558,5,,11,PM10,weekly,mean,44.78
14558,5,,11,PM2.5,weekly,mean,33.07333333333333
14558,5,,12,PM10,weekly,mean,68.17
14558,5,,12,PM2.5,weekly,mean,58.07333333333333
14558,5,,13,PM10,weekly,mean,84.93666666666667
14558,5,,13,PM2.5,weekly,mean,75.54166666666667
14558,5,,14,PM10,weekly,mean,97.76333333333334
14558,5,,14,PM2.5,weekly,mean,88.39166666666667
14558,5,,15,PM10,weekly,mean,86.695
14558,5,,15,PM2.5,weekly,mean,77.06
14558,5,,16,PM10,weekly,mean,74.455
14558,5,,16,PM2.5,weekly,mean,64.20166666666667
14558,5,,17,PM10,weekly,mean,76.925
14558,5,,17,PM2.5,weekly,mean,65.73666666666666
14558,5,,18,PM10,weekly,mean,103.995
14558,5,,18,PM2.5,weekly,mean,94.55499999999999
14558,5,,19,PM10,weekly,mean,112.65666666666668
14558,5,,19,PM2.5,weekly,mean,101.60333333333334
14558,5,,20,PM10,weekly,mean,151.17166666666665
14558,5,,20,PM2.5,weekly,mean,134.14833333333334
14558,5,,21,PM10,weekly,mean,142.19833333333332
14558,5,,21,PM2.5,weekly,mean,127.58333333333333
14558,5,,22,PM10,weekly,mean,102.515
14558,5,,22,PM2.5,weekly,mean,90.47666666666667
14558,5,,23,PM10,weekly,mean,64.17666666666666
14558,5,,23,PM2.5,weekly,mean,52.345
14558,6,,0,PM10,weekly,mean,48.43333333333334
14558,6,,0,PM2.5,weekly,mean,36.42666666666667
14558,6,,1,PM10,weekly,mean,34.49
14558,6,,1,PM2.5,weekly,mean,24.850000000000005
14558,6,,2,PM10,weekly,mean,26.599999999999998
14558,6,,2,PM2.5,weekly,mean,18.255
14558,6,,3,PM10,weekly,mean,23.316666666666666
14558,6,,3,PM2.5,weekly,mean,15.595
14558,6,,4,PM10,weekly,mean,21.615
14558,6,,4,PM2.5,weekly,mean,14.33
14558,6,,5,PM10,weekly,mean,20.741666666666664
14558,6,,5,PM2.5,weekly,mean,13.479999999999999
14558,6,,6,PM10,weekly,mean,23.13
14558,6,,6,PM2.5,weekly,mean,15.525
14558,6,,7,PM10,weekly,mean,30.771666666666665
14558,6,,7,PM2.5,weekly,mean,21.78
14558,6,,8,PM10,weekly,mean,47.14166666666667
14558,6,,8,PM2.5,weekly,mean,33.71666666666666
14558,6,,9,PM10,weekly,mean,69.645
14558,6,,9,PM2.5,weekly,mean,54.711666666666666
14558,6,,10,PM10,weekly,mean,51.98499999999999
14558,6,,10,PM2.5,weekly,mean,38.775
14558,6,,11,PM10,weekly,mean,57.76666666666667
14558,6,,11,PM2.5,weekly,mean,45.218333333333334
14558,6,,12,PM10,weekly,mean,82.86166666666666
14558,6,,12,PM2.5,weekly,mean,69.29833333333333
14558,6,,13,PM10,weekly,mean,101.435
14558,6,,13,PM2.5,weekly,mean,89.23166666666667
14558,6,,14,PM10,weekly,mean,100.72500000000001
14558,6,,14,PM2.5,weekly,mean,88.76333333333334
14558,6,,15,PM10,weekly,mean,106.675
14558,6,,15,PM2.5,weekly,mean,94.21333333333332
14558,6,,16,PM10,weekly,mean,88.54
14558,6,,16,PM2.5,weekly,mean,79.41333333333334
14558,6,,17,PM10,weekly,mean,79.31166666666667
14558,6,,17,PM2.5,weekly,mean,70.08
14558,6,,18,PM10,weekly,mean,86.73166666666667
14558,6,,18,PM2.5,weekly,mean,75.77499999999999
14558,6,,19,PM10,weekly,mean,112.05666666666667
14558,6,,19,PM2.5,weekly,mean,96.97500000000001
14558,6,,20,PM10,weekly,mean,115.32666666666667
14558,6,,20,PM2.5,weekly,mean,101.39999999999999
14558,6,,21,PM10,weekly,mean,109.19666666666667
14558,6,,21,PM2.5,weekly,mean,95.50166666666667
14558,6,,22,PM10,weekly,mean,76.23166666666667
14558,6,,22,PM2.5,weekly,mean,64.315
14558,6,,23,PM10,weekly,mean,52.546666666666674
14558,6,,23,PM2.5,weekly,mean,41.151666666666664
14558,7,,0,PM10,weekly,mean,41.43333333333333
14558,7,,0,PM2.5,weekly,mean,29.42
14558,7,,1,PM10,weekly,mean,30.547142857142855
14558,7,,1,PM2.5,weekly,mean,21.58857142857143
14558,7,,2,PM10,weekly,mean,24.035
14558,7,,2,PM2.5,weekly,mean,16.025000000000002
14558,7,,3,PM10,weekly,mean,22.491666666666664
14558,7,,3,PM2.5,weekly,mean,14.565
14558,7,,4,PM10,weekly,mean,21.536666666666665
14558,7,,4,PM2.5,weekly,mean,13.58
14558,7,,5,PM10,weekly,mean,21.205
14558,7,,5,PM2.5,weekly,mean,13.214999999999998
14558,7,,6,PM10,weekly,mean,20.931666666666665
14558,7,,6,PM2.5,weekly,mean,12.873333333333333
14558,7,,7,PM10,weekly,mean,20.43166666666667
14558,7,,7,PM2.5,weekly,mean,12.468333333333334
14558,7,,8,PM10,weekly,mean,33.45666666666667
14558,7,,8,PM2.5,weekly,mean,23.92
14558,7,,9,PM10,weekly,mean,29.525000000000002
14558,7,,9,PM2.5,weekly,mean,19.865
14558,7,,10,PM10,weekly,mean,36.836666666666666
14558,7,,10,PM2.5,weekly,mean,26.643333333333334
14558,7,,11,PM10,weekly,mean,61.13833333333333
14558,7,,11,PM2.5,weekly,mean,48.175000000000004
14558,7,,12,PM10,weekly,mean,81.76166666666667
14558,7,,12,PM2.5,weekly,mean,67.815
14558,7,,13,PM10,weekly,mean,117.485
14558,7,,13,PM2.5,weekly,mean,103.85333333333334
14558,7,,14,PM10,weekly,mean,123.24333333333334
14558,7,,14,PM2.5,weekly,mean,110.85666666666667
14558,7,,15,PM10,weekly,mean,102.97166666666668
14558,7,,15,PM2.5,weekly,mean,91.07
14558,7,,16,PM10,weekly,mean,82.64166666666667
14558,7,,16,PM2.5,weekly,mean,72.97
14558,7,,17,PM10,weekly,mean,79.585
14558,7,,17,PM2.5,weekly,mean,69.75166666666667
14558,7,,18,PM10,weekly,mean,81.86666666666666
14558,7,,18,PM2.5,weekly,mean,70.22333333333333
14558,7,,19,PM10,weekly,mean,78.35666666666667
14558,7,,19,PM2.5,weekly,mean,67.41833333333334
14558,7,,20,PM10,weekly,mean,75.29
14558,7,,20,PM2.5,weekly,mean,63.028333333333336
14558,7,,21,PM10,weekly,mean,54.68666666666667
14558,7,,21,PM2.5,weekly,mean,43.413333333333334
14558,7,,22,PM10,weekly,mean,35.77
14558,7,,22,PM2.5,weekly,mean,26.08666666666667
14558,7,,23,PM10,weekly,mean,37.69166666666667
14558,7,,23,PM2.5,weekly,mean,26.691666666666663
14878,1,,0,PM10,weekly,mean,21.12
14878,1,,0,PM2.5,weekly,mean,13.185
14878,1,,1,PM10,weekly,mean,17.203333333333333
14878,1,,1,PM2.5,weekly,mean,9.926666666666668
14878,1,,2,PM10,weekly,mean,15.828333333333333
14878,1,,2,PM2.5,weekly,mean,8.871666666666666
14878,1,,3,PM10,weekly,mean,14.719999999999999
14878,1,,3,PM2.5,weekly,mean,7.863333333333333
14878,1,,4,PM10,weekly,mean,12.508333333333333
14878,1,,4,PM2.5,weekly,mean,5.651666666666667
14878,1,,5,PM10,weekly,mean,13.136666666666668
14878,1,,5,PM2.5,weekly,mean,6.073333333333333
14878,1,,6,PM10,weekly,mean,16.176666666666666
14878,1,,6,PM2.5,weekly,mean,8.658333333333333
14878,1,,7,PM10,weekly,mean,16.265
14878,1,,7,PM2.5,weekly,mean,8.646666666666667
14878,1,,8,PM10,weekly,mean,38.943333333333335
14878,1,,8,PM2.5,weekly,mean,31.52333333333333
14878,1,,9,PM10,weekly,mean,39.74
14878,1,,9,PM2.5,weekly,mean,30.900000000000002
14878,1,,10,PM10,weekly,mean,46.805
14878,1,,10,PM2.5,weekly,mean,37.071666666666665
14878,1,,11,PM10,weekly,mean,81.93666666666667
14878,1,,11,PM2.5,weekly,mean,72.05
14878,1,,12,PM10,weekly,mean,126.06166666666667
14878,1,,12,PM2.5,weekly,mean,117.39333333333333
14878,1,,13,PM10,weekly,mean,96.855
14878,1,,13,PM2.5,weekly,mean,87.30666666666667
14878,1,,14,PM10,weekly,mean,110.50333333333333
14878,1,,14,PM2.5,weekly,mean,101.92
14878,1,,15,PM10,weekly,mean,95.45333333333333
14878,1,,15,PM2.5,weekly,mean,85.10333333333334
14878,1,,16,PM10,weekly,mean,122.61333333333334
14878,1,,16,PM2.5,weekly,mean,113.22500000000001
14878,1,,17,PM10,weekly,mean,93.77
14878,1,,17,PM2.5,weekly,mean,83.19333333333333
14878,1,,18,PM10,weekly,mean,97.31333333333333
14878,1,,18,PM2.5,weekly,mean,86.62333333333333
14878,1,,19,PM10,weekly,mean,91.78166666666668
14878,1,,19,PM2.5,weekly,mean,81.05166666666666
14878,1,,20,PM10,weekly,mean,89.93
14878,1,,20,PM2.5,weekly,mean,79.82333333333334
14878,1,,21,PM10,weekly,mean,67.39166666666667
14878,1,,21,PM2.5,weekly,mean,57.800000000000004
14878,1,,22,PM10,weekly,mean,42.14833333333333
14878,1,,22,PM2.5,weekly,mean,33.50666666666667
14878,1,,23,PM10,weekly,mean,26.916666666666668
14878,1,,23,PM2.5,weekly,mean,18.3
14878,2,,0,PM10,weekly,mean,17.115
14878,2,,0,PM2.5,weekly,mean,9.41
14878,2,,1,PM10,weekly,mean,15.193333333333333
14878,2,,1,PM2.5,weekly,mean,7.4750000000000005
14878,2,,2,PM10,weekly,mean,15.196666666666665
14878,2,,2,PM2.5,weekly,mean,7.521666666666667
14878,2,,3,PM10,weekly,mean,15.405
14878,2,,3,PM2.5,weekly,mean,7.605
14878,2,,4,PM10,weekly,mean,15.94
14878,2,,4,PM2.5,weekly,mean,8.038333333333332
14878,2,,5,PM10,weekly,mean,17.245
14878,2,,5,PM2.5,weekly,mean,9.295
14878,2,,6,PM10,weekly,mean,17.169999999999998
14878,2,,6,PM2.5,weekly,mean,9.245
14878,2,,7,PM10,weekly,mean,17.455000000000002
14878,2,,7,PM2.5,weekly,mean,9.398333333333333
14878,2,,8,PM10,weekly,mean,22.64
14878,2,,8,PM2.5,weekly,mean,14.43
14878,2,,9,PM10,weekly,mean,26.608333333333334
14878,2,,9,PM2.5,weekly,mean,17.503333333333334
14878,2,,10,PM10,weekly,mean,53.806666666666665
14878,2,,10,PM2.5,weekly,mean,44.46666666666667
14878,2,,11,PM10,weekly,mean,66.36666666666666
14878,2,,11,PM2.5,weekly,mean,56.52166666666667
14878,2,,12,PM10,weekly,mean,90.08
14878,2,,12,PM2.5,weekly,mean,79.85571428571428
14878,2,,13,PM10,weekly,mean,125.52857142857144
14878,2,,13,PM2.5,weekly,mean,117.50571428571428
14878,2,,14,PM10,weekly,mean,88.59714285714286
14878,2,,14,PM2.5,weekly,mean,79.38571428571429
14878,2,,15,PM10,weekly,mean,100.32428571428571
14878,2,,15,PM2.5,weekly,mean,90.07142857142857
14878,2,,16,PM10,weekly,mean,77.26142857142857
14878,2,,16,PM2.5,weekly,mean,67.22428571428573
14878,2,,17,PM10,weekly,mean,91.68714285714286
14878,2,,17,PM2.5,weekly,mean,82.02714285714285
14878,2,,18,PM10,weekly,mean,127.59857142857143
14878,2,,18,PM2.5,weekly,mean,118.63428571428572
14878,2,,19,PM10,weekly,mean,146.28428571428572
14878,2,,19,PM2.5,weekly,mean,135.20857142857145
14878,2,,20,PM10,weekly,mean,109.49857142857142
14878,2,,20,PM2.5,weekly,mean,99.25857142857141
14878,2,,21,PM10,weekly,mean,119.45285714285714
14878,2,,21,PM2.5,weekly,mean,110.00857142857141
14878,2,,22,PM10,weekly,mean,68.45285714285714
14878,2,,22,PM2.5,weekly,mean,57.86142857142857
14878,2,,23,PM10,weekly,mean,35.59428571428571
14878,2,,23,PM2.5,weekly,mean,26.224285714285713
14878,3,,0,PM10,weekly,mean,29.228571428571428
14878,3,,0,PM2.5,weekly,mean,20.467142857142854
14878,3,,1,PM10,weekly,mean,24.415714285714284
14878,3,,1,PM2.5,weekly,mean,16.20285714285714
14878,3,,2,PM10,weekly,mean,21.834285714285716
14878,3,,2,PM2.5,weekly,mean,13.695714285714287
14878,3,,3,PM10,weekly,mean,21.225714285714282
14878,3,,3,PM2.5,weekly,mean,13.155714285714286
14878,3,,4,PM10,weekly,mean,20.67142857142857
14878,3,,4,PM2.5,weekly,mean,12.709999999999999
14878,3,,5,PM10,weekly,mean,21.06857142857143
14878,3,,5,PM2.5,weekly,mean,13.034285714285716
14878,3,,6,PM10,weekly,mean,21.021428571428572
14878,3,,6,PM2.5,weekly,mean,12.857142857142858
14878,3,,7,PM10,weekly,mean,25.711428571428574
14878,3,,7,PM2.5,weekly,mean,17.341428571428573
14878,3,,8,PM10,weekly,mean,21.647142857142857
14878,3,,8,PM2.5,weekly,mean,13.788571428571428
14878,3,,9,PM10,weekly,mean,30.951428571428572
14878,3,,9,PM2.5,weekly,mean,22.295714285714286
14878,3,,10,PM10,weekly,mean,39.32571428571429
14878,3,,10,PM2.5,weekly,mean,30.485714285714288
14878,3,,11,PM10,weekly,mean,81.97571428571429
14878,3,,11,PM2.5,weekly,mean,71.25571428571429
14878,3,,12,PM10,weekly,mean,155.31857142857143
14878,3,,12,PM2.5,weekly,mean,151.17000000000002
14878,3,,13,PM10,weekly,mean,118.22285714285714
14878,3,,13,PM2.5,weekly,mean,111.52428571428571
14878,3,,14,PM10,weekly,mean,99.70285714285716
14878,3,,14,PM2.5,weekly,mean,90.32428571428571
14878,3,,15,PM10,weekly,mean,74.88571428571429
14878,3,,15,PM2.5,weekly,mean,66.00142857142858
14878,3,,16,PM10,weekly,mean,85.49000000000001
14878,3,,16,PM2.5,weekly,mean,76.69714285714285
14878,3,,17,PM10,weekly,mean,133.38
14878,3,,17,PM2.5,weekly,mean,124.88428571428572
14878,3,,18,PM10,weekly,mean,171.01
14878,3,,18,PM2.5,weekly,mean,162.75142857142856
14878,3,,19,PM10,weekly,mean,179.74857142857144
14878,3,,19,PM2.5,weekly,mean,171.74714285714285
14878,3,,20,PM10,weekly,mean,149.45000000000002
14878,3,,20,PM2.5,weekly,mean,143.19857142857143
14878,3,,21,PM10,weekly,mean,134.62285714285716
14878,3,,21,PM2.5,weekly,mean,127.86999999999999
14878,3,,22,PM10,weekly,mean,80.10000000000001
14878,3,,22,PM2.5,weekly,mean,71.44285714285715
14878,3,,23,PM10,weekly,mean,33.53
14878,3,,23,PM2.5,weekly,mean,24.63
14878,4,,0,PM10,weekly,mean,26.868000000000002
14878,4,,0,PM2.5,weekly,mean,19.122
14878,4,,1,PM10,weekly,mean,25.39
14878,4,,1,PM2.5,weekly,mean,17.478
14878,4,,2,PM10,weekly,mean,23.488333333333333
14878,4,,2,PM2.5,weekly,mean,15.786666666666667
14878,4,,3,PM10,weekly,mean,23.843333333333334
14878,4,,3,PM2.5,weekly,mean,15.938333333333333
14878,4,,4,PM10,weekly,mean,24.195000000000004
14878,4,,4,PM2.5,weekly,mean,16.255
14878,4,,5,PM10,weekly,mean,25.55333333333333
14878,4,,5,PM2.5,weekly,mean,17.311666666666667
14878,4,,6,PM10,weekly,mean,26.918333333333333
14878,4,,6,PM2.5,weekly,mean,18.711666666666666
14878,4,,7,PM10,weekly,mean,30.820000000000004
14878,4,,7,PM2.5,weekly,mean,22.40833333333333
14878,4,,8,PM10,weekly,mean,37.19
14878,4,,8,PM2.5,weekly,mean,28.658333333333335
14878,4,,9,PM10,weekly,mean,33.76166666666666
14878,4,,9,PM2.5,weekly,mean,24.668333333333333
14878,4,,10,PM10,weekly,mean,41.96333333333333
14878,4,,10,PM2.5,weekly,mean,31.938333333333333
14878,4,,11,PM10,weekly,mean,61.785000000000004
14878,4,,11,PM2.5,weekly,mean,52.11166666666667
14878,4,,12,PM10,weekly,mean,132.90666666666667
14878,4,,12,PM2.5,weekly,mean,124.49666666666667
14878,4,,13,PM10,weekly,mean,145.33666666666667
14878,4,,13,PM2.5,weekly,mean,138.75833333333333
14878,4,,14,PM10,weekly,mean,142.06166666666667
14878,4,,14,PM2.5,weekly,mean,136.48499999999999
14878,4,,15,PM10,weekly,mean,103.28666666666668
14878,4,,15,PM2.5,weekly,mean,95.35166666666667
14878,4,,16,PM10,weekly,mean,88.56333333333333
14878,4,,16,PM2.5,weekly,mean,79.99666666666667
14878,4,,17,PM10,weekly,mean,106.35000000000001
14878,4,,17,PM2.5,weekly,mean,97.895
14878,4,,18,PM10,weekly,mean,151.63166666666666
14878,4,,18,PM2.5,weekly,mean,143.71166666666667
14878,4,,19,PM10,weekly,mean,191.61666666666667
14878,4,,19,PM2.5,weekly,mean,183.46666666666667
14878,4,,20,PM10,weekly,mean,201.37
14878,4,,20,PM2.5,weekly,mean,191.96
14878,4,,21,PM10,weekly,mean,188.99833333333333
14878,4,,21,PM2.5,weekly,mean,180.13666666666666
14878,4,,22,PM10,weekly,mean,87.21666666666665
14878,4,,22,PM2.5,weekly,mean,78.74000000000001
14878,4,,23,PM10,weekly,mean,39.178333333333335
14878,4,,23,PM2.5,weekly,mean,29.343333333333334
14878,5,,0,PM10,weekly,mean,28.633333333333336
14878,5,,0,PM2.5,weekly,mean,20.06833333333333
14878,5,,1,PM10,weekly,mean,23.361666666666665
14878,5,,1,PM2.5,weekly,mean,15.953333333333333
14878,5,,2,PM10,weekly,mean,22.286666666666665
14878,5,,2,PM2.5,weekly,mean,15.025
14878,5,,3,PM10,weekly,mean,21.651666666666667
14878,5,,3,PM2.5,weekly,mean,14.28
14878,5,,4,PM10,weekly,mean,22.436666666666667
14878,5,,4,PM2.5,weekly,mean,14.698333333333332
14878,5,,5,PM10,weekly,mean,22.895
14878,5,,5,PM2.5,weekly,mean,14.851666666666667
14878,5,,6,PM10,weekly,mean,28.540000000000003
14878,5,,6,PM2.5,weekly,mean,20.36
14878,5,,7,PM10,weekly,mean,36.38333333333333
14878,5,,7,PM2.5,weekly,mean,27.92833333333333
14878,5,,8,PM10,weekly,mean,54.16166666666667
14878,5,,8,PM2.5,weekly,mean,47.623333333333335
14878,5,,9,PM10,weekly,mean,56.083333333333336
14878,5,,9,PM2.5,weekly,mean,47.949999999999996
14878,5,,10,PM10,weekly,mean,47.605
14878,5,,10,PM2.5,weekly,mean,37.471666666666664
14878,5,,11,PM10,weekly,mean,56.31333333333333
14878,5,,11,PM2.5,weekly,mean,45.93166666666667
14878,5,,12,PM10,weekly,mean,111.77833333333332
14878,5,,12,PM2.5,weekly,mean,103.70833333333333
14878,5,,13,PM10,weekly,mean,216.535
14878,5,,13,PM2.5,weekly,mean,208.79166666666666
14878,5,,14,PM10,weekly,mean,189.40833333333333
14878,5,,14,PM2.5,weekly,mean,183.025
14878,5,,15,PM10,weekly,mean,126.79666666666667
14878,5,,15,PM2.5,weekly,mean,119.72333333333331
14878,5,,16,PM10,weekly,mean,106.38666666666667
14878,5,,16,PM2.5,weekly,mean,98.75
14878,5,,17,PM10,weekly,mean,125.52666666666669
14878,5,,17,PM2.5,weekly,mean,116.60333333333334
14878,5,,18,PM10,weekly,mean,158.205
14878,5,,18,PM2.5,weekly,mean,151.51333333333335
14878,5,,19,PM10,weekly,mean,185.20333333333335
14878,5,,19,PM2.5,weekly,mean,177.095
14878,5,,20,PM10,weekly,mean,216.67333333333332
14878,5,,20,PM2.5,weekly,mean,207.035
14878,5,,21,PM10,weekly,mean,206.20000000000002
14878,5,,21,PM2.5,weekly,mean,197.41
14878,5,,22,PM10,weekly,mean,127.62666666666667
14878,5,,22,PM2.5,weekly,mean,119.205
14878,5,,23,PM10,weekly,mean,58.455000000000005
14878,5,,23,PM2.5,weekly,mean,47.93833333333333
14878,6,,0,PM10,weekly,mean,42.21666666666667
14878,6,,0,PM2.5,weekly,mean,31.24166666666667
14878,6,,1,PM10,weekly,mean,33.005
14878,6,,1,PM2.5,weekly,mean,23.94333333333333
14878,6,,2,PM10,weekly,mean,27.08
14878,6,,2,PM2.5,weekly,mean,18.71
14878,6,,3,PM10,weekly,mean,23.551666666666666
14878,6,,3,PM2.5,weekly,mean,15.745
14878,6,,4,PM10,weekly,mean,22.21166666666667
14878,6,,4,PM2.5,weekly,mean,14.733333333333334
14878,6,,5,PM10,weekly,mean,20.958333333333332
14878,6,,5,PM2.5,weekly,mean,13.636666666666668
14878,6,,6,PM10,weekly,mean,21.088333333333335
14878,6,,6,PM2.5,weekly,mean,13.628333333333336
14878,6,,7,PM10,weekly,mean,38.13833333333333
14878,6,,7,PM2.5,weekly,mean,30.631666666666664
14878,6,,8,PM10,weekly,mean,45.445
14878,6,,8,PM2.5,weekly,mean,35.934999999999995
14878,6,,9,PM10,weekly,mean,83.03833333333334
14878,6,,9,PM2.5,weekly,mean,73.84833333333333
14878,6,,10,PM10,weekly,mean,50.95499999999999
14878,6,,10,PM2.5,weekly,mean,40.65833333333333
14878,6,,11,PM10,weekly,mean,70.75833333333334
14878,6,,11,PM2.5,weekly,mean,61.45166666666666
14878,6,,12,PM10,weekly,mean,112.11833333333334
14878,6,,12,PM2.5,weekly,mean,103.96499999999999
14878,6,,13,PM10,weekly,mean,138.93833333333333
14878,6,,13,PM2.5,weekly,mean,131.94500000000002
14878,6,,14,PM10,weekly,mean,133.63666666666668
14878,6,,14,PM2.5,weekly,mean,126.61333333333334
14878,6,,15,PM10,weekly,mean,161.255
14878,6,,15,PM2.5,weekly,mean,155.46333333333334
14878,6,,16,PM10,weekly,mean,144.645
14878,6,,16,PM2.5,weekly,mean,136.38833333333332
14878,6,,17,PM10,weekly,mean,159.98499999999999
14878,6,,17,PM2.5,weekly,mean,151.415
14878,6,,18,PM10,weekly,mean,176.43166666666664
14878,6,,18,PM2.5,weekly,mean,167.81166666666667
14878,6,,19,PM10,weekly,mean,205.82666666666668
14878,6,,19,PM2.5,weekly,mean,197.09
14878,6,,20,PM10,weekly,mean,182.475
14878,6,,20,PM2.5,weekly,mean,173.16
14878,6,,21,PM10,weekly,mean,159.375
14878,6,,21,PM2.5,weekly,mean,149.67499999999998
14878,6,,22,PM10,weekly,mean,135.405
14878,6,,22,PM2.5,weekly,mean,125.02833333333335
14878,6,,23,PM10,weekly,mean,49.836666666666666
14878,6,,23,PM2.5,weekly,mean,38.63666666666666
14878,7,,0,PM10,weekly,mean,37.165
14878,7,,0,PM2.5,weekly,mean,26.936666666666667
14878,7,,1,PM10,weekly,mean,27.504285714285714
14878,7,,1,PM2.5,weekly,mean,19.59
14878,7,,2,PM10,weekly,mean,23.19666666666667
14878,7,,2,PM2.5,weekly,mean,15.459999999999999
14878,7,,3,PM10,weekly,mean,22.268333333333334
14878,7,,3,PM2.5,weekly,mean,14.536666666666667
14878,7,,4,PM10,weekly,mean,21.248333333333335
14878,7,,4,PM2.5,weekly,mean,13.469999999999999
14878,7,,5,PM10,weekly,mean,21.246666666666666
14878,7,,5,PM2.5,weekly,mean,13.435
14878,7,,6,PM10,weekly,mean,20.661666666666665
14878,7,,6,PM2.5,weekly,mean,12.858333333333333
14878,7,,7,PM10,weekly,mean,20.846666666666668
14878,7,,7,PM2.5,weekly,mean,13.091666666666667
14878,7,,8,PM10,weekly,mean,30.644999999999996
14878,7,,8,PM2.5,weekly,mean,23.078333333333333
14878,7,,9,PM10,weekly,mean,30.996666666666666
14878,7,,9,PM2.5,weekly,mean,22.290000000000003
14878,7,,10,PM10,weekly,mean,34.31166666666667
14878,7,,10,PM2.5,weekly,mean,25.611666666666668
14878,7,,11,PM10,weekly,mean,81.72833333333334
14878,7,,11,PM2.5,weekly,mean,72.52499999999999
14878,7,,12,PM10,weekly,mean,103.64666666666666
14878,7,,12,PM2.5,weekly,mean,95.005
14878,7,,13,PM10,weekly,mean,203.33666666666667
14878,7,,13,PM2.5,weekly,mean,196.80499999999998
14878,7,,14,PM10,weekly,mean,189.04166666666666
14878,7,,14,PM2.5,weekly,mean,179.68666666666664
14878,7,,15,PM10,weekly,mean,156.15666666666667
14878,7,,15,PM2.5,weekly,mean,146.75333333333333
14878,7,,16,PM10,weekly,mean,182.81499999999997
14878,7,,16,PM2.5,weekly,mean,172.72
14878,7,,17,PM10,weekly,mean,189.70833333333334
14878,7,,17,PM2.5,weekly,mean,180.0333333333333
14878,7,,18,PM10,weekly,mean,187.28833333333333
14878,7,,18,PM2.5,weekly,mean,177.18499999999997
14878,7,,19,PM10,weekly,mean,176.30499999999998
14878,7,,19,PM2.5,weekly,mean,167.01833333333335
14878,7,,20,PM10,weekly,mean,140.115
14878,7,,20,PM2.5,weekly,mean,131.4466666666667
14878,7,,21,PM10,weekly,mean,54.151666666666664
14878,7,,21,PM2.5,weekly,mean,44.34166666666667
14878,7,,22,PM10,weekly,mean,35.735
14878,7,,22,PM2.5,weekly,mean,26.41333333333333
14878,7,,23,PM10,weekly,mean,35.245
14878,7,,23,PM2.5,weekly,mean,27.286666666666665
14882,1,,0,PM10,weekly,mean,25.453333333333333
14882,1,,0,PM2.5,weekly,mean,17.029999999999998
14882,1,,1,PM10,weekly,mean,18.696666666666665
14882,1,,1,PM2.5,weekly,mean,11.126666666666667
14882,1,,2,PM10,weekly,mean,16.386666666666667
14882,1,,2,PM2.5,weekly,mean,9.003333333333332
14882,1,,3,PM10,weekly,mean,14.99
14882,1,,3,PM2.5,weekly,mean,7.586666666666667
14882,1,,4,PM10,weekly,mean,14.290000000000001
14882,1,,4,PM2.5,weekly,mean,6.715
14882,1,,5,PM10,weekly,mean,16.895
14882,1,,5,PM2.5,weekly,mean,8.92
14882,1,,6,PM10,weekly,mean,18.675
14882,1,,6,PM2.5,weekly,mean,10.376666666666667
14882,1,,7,PM10,weekly,mean,22.286666666666665
14882,1,,7,PM2.5,weekly,mean,14.031666666666666
14882,1,,8,PM10,weekly,mean,68.59333333333333
14882,1,,8,PM2.5,weekly,mean,57.830000000000005
14882,1,,9,PM10,weekly,mean,64.10000000000001
14882,1,,9,PM2.5,weekly,mean,52.87
14882,1,,10,PM10,weekly,mean,44.17166666666666
14882,1,,10,PM2.5,weekly,mean,33.435
14882,1,,11,PM10,weekly,mean,46.873333333333335
14882,1,,11,PM2.5,weekly,mean,36.53333333333333
14882,1,,12,PM10,weekly,mean,63.544999999999995
14882,1,,12,PM2.5,weekly,mean,53.88666666666666
14882,1,,13,PM10,weekly,mean,72.96
14882,1,,13,PM2.5,weekly,mean,61.62833333333333
14882,1,,14,PM10,weekly,mean,68.68833333333333
14882,1,,14,PM2.5,weekly,mean,56.843333333333334
14882,1,,15,PM10,weekly,mean,66.67833333333333
14882,1,,15,PM2.5,weekly,mean,56.406666666666666
14882,1,,16,PM10,weekly,mean,72.12166666666667
14882,1,,16,PM2.5,weekly,mean,61.63333333333333
14882,1,,17,PM10,weekly,mean,74.89666666666666
14882,1,,17,PM2.5,weekly,mean,63.705000000000005
14882,1,,18,PM10,weekly,mean,79.82666666666667
14882,1,,18,PM2.5,weekly,mean,69.83166666666666
14882,1,,19,PM10,weekly,mean,86.18
14882,1,,19,PM2.5,weekly,mean,74.18666666666667
14882,1,,20,PM10,weekly,mean,80.18666666666667
14882,1,,20,PM2.5,weekly,mean,68.6
14882,1,,21,PM10,weekly,mean,62.596666666666664
14882,1,,21,PM2.5,weekly,mean,52.44833333333333
14882,1,,22,PM10,weekly,mean,42.655
14882,1,,22,PM2.5,weekly,mean,31.816666666666666
14882,1,,23,PM10,weekly,mean,27.36
14882,1,,23,PM2.5,weekly,mean,18.544999999999998
14882,2,,0,PM10,weekly,mean,18.643333333333334
14882,2,,0,PM2.5,weekly,mean,10.57
14882,2,,1,PM10,weekly,mean,16.05142857142857
14882,2,,1,PM2.5,weekly,mean,8.178571428571429
14882,2,,2,PM10,weekly,mean,16.84857142857143
14882,2,,2,PM2.5,weekly,mean,8.878571428571428
14882,2,,3,PM10,weekly,mean,16.467142857142857
14882,2,,3,PM2.5,weekly,mean,8.255714285714285
14882,2,,4,PM10,weekly,mean,18.398571428571426
14882,2,,4,PM2.5,weekly,mean,10.11
14882,2,,5,PM10,weekly,mean,19.794285714285714
14882,2,,5,PM2.5,weekly,mean,11.412857142857144
14882,2,,6,PM10,weekly,mean,20.775714285714287
14882,2,,6,PM2.5,weekly,mean,12.161428571428571
14882,2,,7,PM10,weekly,mean,20.784285714285716
14882,2,,7,PM2.5,weekly,mean,12.31857142857143
14882,2,,8,PM10,weekly,mean,71.06285714285714
14882,2,,8,PM2.5,weekly,mean,60.49571428571428
14882,2,,9,PM10,weekly,mean,106.86999999999999
14882,2,,9,PM2.5,weekly,mean,90.71857142857142
14882,2,,10,PM10,weekly,mean,69.39999999999999
14882,2,,10,PM2.5,weekly,mean,55.41571428571428
14882,2,,11,PM10,weekly,mean,55.15
14882,2,,11,PM2.5,weekly,mean,44.00571428571429
14882,2,,12,PM10,weekly,mean,79.04285714285713
14882,2,,12,PM2.5,weekly,mean,67.9042857142857
14882,2,,13,PM10,weekly,mean,85.78
14882,2,,13,PM2.5,weekly,mean,74.40285714285713
14882,2,,14,PM10,weekly,mean,68.88714285714286
14882,2,,14,PM2.5,weekly,mean,57.79571428571428
14882,2,,15,PM10,weekly,mean,66.54285714285714
14882,2,,15,PM2.5,weekly,mean,54.99285714285714
14882,2,,16,PM10,weekly,mean,60.40428571428571
14882,2,,16,PM2.5,weekly,mean,50.151428571428575
14882,2,,17,PM10,weekly,mean,65.81142857142858
14882,2,,17,PM2.5,weekly,mean,53.902857142857144
14882,2,,18,PM10,weekly,mean,76.71142857142857
14882,2,,18,PM2.5,weekly,mean,64.7642857142857
14882,2,,19,PM10,weekly,mean,89.59857142857143
14882,2,,19,PM2.5,weekly,mean,78.19000000000001
14882,2,,20,PM10,weekly,mean,82.50285714285714
14882,2,,20,PM2.5,weekly,mean,71.12285714285714
14882,2,,21,PM10,weekly,mean,69.16
14882,2,,21,PM2.5,weekly,mean,57.80285714285714
14882,2,,22,PM10,weekly,mean,50.04857142857143
14882,2,,22,PM2.5,weekly,mean,39.37285714285714
14882,2,,23,PM10,weekly,mean,39.544285714285714
14882,2,,23,PM2.5,weekly,mean,30.475714285714286
14882,3,,0,PM10,weekly,mean,35.32285714285714
14882,3,,0,PM2.5,weekly,mean,26.32857142857143
14882,3,,1,PM10,weekly,mean,29.24285714285714
14882,3,,1,PM2.5,weekly,mean,20.374285714285715
14882,3,,2,PM10,weekly,mean,29.767142857142858
14882,3,,2,PM2.5,weekly,mean,19.994285714285713
14882,3,,3,PM10,weekly,mean,29.41142857142857
14882,3,,3,PM2.5,weekly,mean,19.390000000000004
14882,3,,4,PM10,weekly,mean,29.84857142857143
14882,3,,4,PM2.5,weekly,mean,19.80857142857143
14882,3,,5,PM10,weekly,mean,32.895714285714284
14882,3,,5,PM2.5,weekly,mean,22.214285714285715
14882,3,,6,PM10,weekly,mean,34.50714285714286
14882,3,,6,PM2.5,weekly,mean,23.79285714285714
14882,3,,7,PM10,weekly,mean,33.97428571428571
14882,3,,7,PM2.5,weekly,mean,24.06714285714286
14882,3,,8,PM10,weekly,mean,54.80285714285714
14882,3,,8,PM2.5,weekly,mean,43.30714285714286
14882,3,,9,PM10,weekly,mean,38.50142857142857
14882,3,,9,PM2.5,weekly,mean,27.84857142857143
14882,3,,10,PM10,weekly,mean,47.71142857142858
14882,3,,10,PM2.5,weekly,mean,36.68714285714286
14882,3,,11,PM10,weekly,mean,55.21857142857142
14882,3,,11,PM2.5,weekly,mean,44.45142857142857
14882,3,,12,PM10,weekly,mean,85.5257142857143
14882,3,,12,PM2.5,weekly,mean,76.86714285714285
14882,3,,13,PM10,weekly,mean,83.87571428571428
14882,3,,13,PM2.5,weekly,mean,75.72714285714285
14882,3,,14,PM10,weekly,mean,71.00714285714285
14882,3,,14,PM2.5,weekly,mean,62.57857142857143
14882,3,,15,PM10,weekly,mean,56.33857142857143
14882,3,,15,PM2.5,weekly,mean,46.06857142857143
14882,3,,16,PM10,weekly,mean,52.629999999999995
14882,3,,16,PM2.5,weekly,mean,42.20428571428572
14882,3,,17,PM10,weekly,mean,67.36714285714285
14882,3,,17,PM2.5,weekly,mean,57.621428571428574
14882,3,,18,PM10,weekly,mean,74.19142857142857
14882,3,,18,PM2.5,weekly,mean,64.48714285714286
14882,3,,19,PM10,weekly,mean,95.18999999999998
14882,3,,19,PM2.5,weekly,mean,85.55142857142857
14882,3,,20,PM10,weekly,mean,99.76
14882,3,,20,PM2.5,weekly,mean,90.68285714285715
14882,3,,21,PM10,weekly,mean,86.26
14882,3,,21,PM2.5,weekly,mean,76.91857142857143
14882,3,,22,PM10,weekly,mean,55.230000000000004
14882,3,,22,PM2.5,weekly,mean,45.16142857142857
14882,3,,23,PM10,weekly,mean,36.36
14882,3,,23,PM2.5,weekly,mean,26.795714285714286
14882,4,,0,PM10,weekly,mean,30.060000000000002
14882,4,,0,PM2.5,weekly,mean,22.232
14882,4,,1,PM10,weekly,mean,25.714
14882,4,,1,PM2.5,weekly,mean,17.958
14882,4,,2,PM10,weekly,mean,23.516666666666666
14882,4,,2,PM2.5,weekly,mean,16.015
14882,4,,3,PM10,weekly,mean,23.439999999999998
14882,4,,3,PM2.5,weekly,mean,15.803333333333333
14882,4,,4,PM10,weekly,mean,23.208333333333332
14882,4,,4,PM2.5,weekly,mean,15.541666666666666
14882,4,,5,PM10,weekly,mean,23.505
14882,4,,5,PM2.5,weekly,mean,15.708333333333334
14882,4,,6,PM10,weekly,mean,23.74
14882,4,,6,PM2.5,weekly,mean,15.988333333333335
14882,4,,7,PM10,weekly,mean,31.258333333333336
14882,4,,7,PM2.5,weekly,mean,22.981666666666666
14882,4,,8,PM10,weekly,mean,45.538333333333334
14882,4,,8,PM2.5,weekly,mean,34.916666666666664
14882,4,,9,PM10,weekly,mean,38.41833333333333
14882,4,,9,PM2.5,weekly,mean,28.159999999999997
14882,4,,10,PM10,weekly,mean,42.093333333333334
14882,4,,10,PM2.5,weekly,mean,31.278333333333336
14882,4,,11,PM10,weekly,mean,42.69333333333333
14882,4,,11,PM2.5,weekly,mean,32.435
14882,4,,12,PM10,weekly,mean,69.405
14882,4,,12,PM2.5,weekly,mean,58.56833333333333
14882,4,,13,PM10,weekly,mean,85.21333333333332
14882,4,,13,PM2.5,weekly,mean,74.56833333333333
14882,4,,14,PM10,weekly,mean,86.855
14882,4,,14,PM2.5,weekly,mean,77.83833333333334
14882,4,,15,PM10,weekly,mean,73.35000000000001
14882,4,,15,PM2.5,weekly,mean,65.29
14882,4,,16,PM10,weekly,mean,64.58999999999999
14882,4,,16,PM2.5,weekly,mean,54.85166666666667
14882,4,,17,PM10,weekly,mean,74.32166666666666
14882,4,,17,PM2.5,weekly,mean,64.70666666666666
14882,4,,18,PM10,weekly,mean,109.01666666666667
14882,4,,18,PM2.5,weekly,mean,97.88833333333334
14882,4,,19,PM10,weekly,mean,139.505
14882,4,,19,PM2.5,weekly,mean,126.31166666666667
14882,4,,20,PM10,weekly,mean,148.42666666666665
14882,4,,20,PM2.5,weekly,mean,134.715
14882,4,,21,PM10,weekly,mean,120.87833333333333
14882,4,,21,PM2.5,weekly,mean,110.08166666666666
14882,4,,22,PM10,weekly,mean,85.73
14882,4,,22,PM2.5,weekly,mean,75.89
14882,4,,23,PM10,weekly,mean,50.156666666666666
14882,4,,23,PM2.5,weekly,mean,40.291666666666664
14882,5,,0,PM10,weekly,mean,35.748333333333335
14882,5,,0,PM2.5,weekly,mean,26.28333333333333
14882,5,,1,PM10,weekly,mean,27.823333333333334
14882,5,,1,PM2.5,weekly,mean,19.82
14882,5,,2,PM10,weekly,mean,25.218333333333334
14882,5,,2,PM2.5,weekly,mean,17.42833333333333
14882,5,,3,PM10,weekly,mean,24.86833333333333
14882,5,,3,PM2.5,weekly,mean,16.858333333333334
14882,5,,4,PM10,weekly,mean,25.961666666666662
14882,5,,4,PM2.5,weekly,mean,17.39
14882,5,,5,PM10,weekly,mean,24.916666666666668
14882,5,,5,PM2.5,weekly,mean,16.563333333333333
14882,5,,6,PM10,weekly,mean,28.521666666666665
14882,5,,6,PM2.5,weekly,mean,19.333333333333332
14882,5,,7,PM10,weekly,mean,48.004999999999995
14882,5,,7,PM2.5,weekly,mean,39.766666666666666
14882,5,,8,PM10,weekly,mean,45.096666666666664
14882,5,,8,PM2.5,weekly,mean,35.995
14882,5,,9,PM10,weekly,mean,62.973333333333336
14882,5,,9,PM2.5,weekly,mean,51.833333333333336
14882,5,,10,PM10,weekly,mean,51.30833333333333
14882,5,,10,PM2.5,weekly,mean,39.84166666666667
14882,5,,11,PM10,weekly,mean,53.85333333333333
14882,5,,11,PM2.5,weekly,mean,42.105
14882,5,,12,PM10,weekly,mean,77.59333333333333
14882,5,,12,PM2.5,weekly,mean,68.33666666666666
14882,5,,13,PM10,weekly,mean,100.52333333333333
14882,5,,13,PM2.5,weekly,mean,92.72333333333334
14882,5,,14,PM10,weekly,mean,111.81333333333333
14882,5,,14,PM2.5,weekly,mean,104.08333333333333
14882,5,,15,PM10,weekly,mean,96.075
14882,5,,15,PM2.5,weekly,mean,86.515
14882,5,,16,PM10,weekly,mean,85.97333333333334
14882,5,,16,PM2.5,weekly,mean,77.45333333333333
14882,5,,17,PM10,weekly,mean,90.46833333333332
14882,5,,17,PM2.5,weekly,mean,80.35666666666667
14882,5,,18,PM10,weekly,mean,124.77333333333333
14882,5,,18,PM2.5,weekly,mean,117.57
14882,5,,19,PM10,weekly,mean,141.67166666666665
14882,5,,19,PM2.5,weekly,mean,130.71
14882,5,,20,PM10,weekly,mean,181.23333333333335
14882,5,,20,PM2.5,weekly,mean,164.21
14882,5,,21,PM10,weekly,mean,164.33
14882,5,,21,PM2.5,weekly,mean,151.88666666666666
14882,5,,22,PM10,weekly,mean,117.72166666666665
14882,5,,22,PM2.5,weekly,mean,106.96499999999999
14882,5,,23,PM10,weekly,mean,66.49166666666666
14882,5,,23,PM2.5,weekly,mean,54.90166666666667
14882,6,,0,PM10,weekly,mean,48.19
14882,6,,0,PM2.5,weekly,mean,36.44
14882,6,,1,PM10,weekly,mean,35.42166666666667
14882,6,,1,PM2.5,weekly,mean,26.078333333333333
14882,6,,2,PM10,weekly,mean,27.385
14882,6,,2,PM2.5,weekly,mean,19.051666666666666
14882,6,,3,PM10,weekly,mean,23.418333333333333
14882,6,,3,PM2.5,weekly,mean,15.666666666666666
14882,6,,4,PM10,weekly,mean,21.601666666666663
14882,6,,4,PM2.5,weekly,mean,14.126666666666667
14882,6,,5,PM10,weekly,mean,20.345000000000002
14882,6,,5,PM2.5,weekly,mean,12.979999999999999
14882,6,,6,PM10,weekly,mean,20.918333333333333
14882,6,,6,PM2.5,weekly,mean,13.253333333333332
14882,6,,7,PM10,weekly,mean,35.223333333333336
14882,6,,7,PM2.5,weekly,mean,26.493333333333336
14882,6,,8,PM10,weekly,mean,72.29
14882,6,,8,PM2.5,weekly,mean,57.52333333333333
14882,6,,9,PM10,weekly,mean,94.59666666666668
14882,6,,9,PM2.5,weekly,mean,79.67
14882,6,,10,PM10,weekly,mean,57.11166666666667
14882,6,,10,PM2.5,weekly,mean,44.61000000000001
14882,6,,11,PM10,weekly,mean,66.42
14882,6,,11,PM2.5,weekly,mean,55.36833333333333
14882,6,,12,PM10,weekly,mean,91.45666666666666
14882,6,,12,PM2.5,weekly,mean,81.90666666666667
14882,6,,13,PM10,weekly,mean,120.24333333333334
14882,6,,13,PM2.5,weekly,mean,110.60333333333334
14882,6,,14,PM10,weekly,mean,118.11
14882,6,,14,PM2.5,weekly,mean,106.96666666666668
14882,6,,15,PM10,weekly,mean,128.20833333333334
14882,6,,15,PM2.5,weekly,mean,119.44666666666667
14882,6,,16,PM10,weekly,mean,101.25166666666667
14882,6,,16,PM2.5,weekly,mean,93.05499999999999
14882,6,,17,PM10,weekly,mean,98.28833333333334
14882,6,,17,PM2.5,weekly,mean,89.77333333333333
14882,6,,18,PM10,weekly,mean,112.14333333333333
14882,6,,18,PM2.5,weekly,mean,100.77166666666666
14882,6,,19,PM10,weekly,mean,136.56666666666666
14882,6,,19,PM2.5,weekly,mean,123.21166666666666
14882,6,,20,PM10,weekly,mean,137.045
14882,6,,20,PM2.5,weekly,mean,124.53833333333334
14882,6,,21,PM10,weekly,mean,130.535
14882,6,,21,PM2.5,weekly,mean,117.83666666666666
14882,6,,22,PM10,weekly,mean,95.19166666666666
14882,6,,22,PM2.5,weekly,mean,83.62333333333333
14882,6,,23,PM10,weekly,mean,58.55833333333333
14882,6,,23,PM2.5,weekly,mean,47.105
14882,7,,0,PM10,weekly,mean,41.475
14882,7,,0,PM2.5,weekly,mean,30.23
14882,7,,1,PM10,weekly,mean,30.93857142857143
14882,7,,1,PM2.5,weekly,mean,22.352857142857143
14882,7,,2,PM10,weekly,mean,23.830000000000002
14882,7,,2,PM2.5,weekly,mean,15.790000000000001
14882,7,,3,PM10,weekly,mean,22.365
14882,7,,3,PM2.5,weekly,mean,14.371666666666668
14882,7,,4,PM10,weekly,mean,21.58
14882,7,,4,PM2.5,weekly,mean,13.473333333333334
14882,7,,5,PM10,weekly,mean,21.311666666666667
14882,7,,5,PM2.5,weekly,mean,13.183333333333332
14882,7,,6,PM10,weekly,mean,20.888333333333332
14882,7,,6,PM2.5,weekly,mean,12.790000000000001
14882,7,,7,PM10,weekly,mean,20.506666666666664
14882,7,,7,PM2.5,weekly,mean,12.501666666666667
14882,7,,8,PM10,weekly,mean,41.15
14882,7,,8,PM2.5,weekly,mean,31.261666666666667
14882,7,,9,PM10,weekly,mean,39.62
14882,7,,9,PM2.5,weekly,mean,29.113333333333333
14882,7,,10,PM10,weekly,mean,49.45666666666667
14882,7,,10,PM2.5,weekly,mean,38.419999999999995
14882,7,,11,PM10,weekly,mean,88.335
14882,7,,11,PM2.5,weekly,mean,75.64
14882,7,,12,PM10,weekly,mean,116.89833333333333
14882,7,,12,PM2.5,weekly,mean,101.5
14882,7,,13,PM10,weekly,mean,147.285
14882,7,,13,PM2.5,weekly,mean,135.26166666666666
14882,7,,14,PM10,weekly,mean,139.17499999999998
14882,7,,14,PM2.5,weekly,mean,130.70666666666668
14882,7,,15,PM10,weekly,mean,106.93166666666667
14882,7,,15,PM2.5,weekly,mean,98.365
14882,7,,16,PM10,weekly,mean,96.49333333333334
14882,7,,16,PM2.5,weekly,mean,87.63166666666666
14882,7,,17,PM10,weekly,mean,89.96166666666666
14882,7,,17,PM2.5,weekly,mean,81.10333333333334
14882,7,,18,PM10,weekly,mean,107.705
14882,7,,18,PM2.5,weekly,mean,96.63666666666667
14882,7,,19,PM10,weekly,mean,101.75166666666667
14882,7,,19,PM2.5,weekly,mean,91.51333333333332
14882,7,,20,PM10,weekly,mean,96.50666666666666
14882,7,,20,PM2.5,weekly,mean,85.23
14882,7,,21,PM10,weekly,mean,60.875
14882,7,,21,PM2.5,weekly,mean,50.34833333333333
14882,7,,22,PM10,weekly,mean,34.824999999999996
14882,7,,22,PM2.5,weekly,mean,25.778333333333332
14882,7,,23,PM10,weekly,mean,35.32333333333333
14882,7,,23,PM2.5,weekly,mean,25.435000000000002
14901,1,,0,PM10,weekly,mean,23.19
14901,1,,0,PM2.5,weekly,mean,15.435999999999998
14901,1,,1,PM10,weekly,mean,15.388
14901,1,,1,PM2.5,weekly,mean,8.344
14901,1,,2,PM10,weekly,mean,16.094
14901,1,,2,PM2.5,weekly,mean,8.998000000000001
14901,1,,3,PM10,weekly,mean,15.315999999999999
14901,1,,3,PM2.5,weekly,mean,8.07
14901,1,,4,PM10,weekly,mean,12.904
14901,1,,4,PM2.5,weekly,mean,5.494
14901,1,,5,PM10,weekly,mean,14.080000000000002
14901,1,,5,PM2.5,weekly,mean,6.202
14901,1,,6,PM10,weekly,mean,17.974
14901,1,,6,PM2.5,weekly,mean,8.751999999999999
14901,1,,7,PM10,weekly,mean,18.234
14901,1,,7,PM2.5,weekly,mean,9.844
14901,1,,8,PM10,weekly,mean,30.25
14901,1,,8,PM2.5,weekly,mean,20.464
14901,1,,9,PM10,weekly,mean,42.062
14901,1,,9,PM2.5,weekly,mean,32.198
14901,1,,10,PM10,weekly,mean,28.665999999999997
14901,1,,10,PM2.5,weekly,mean,20.04
14901,1,,11,PM10,weekly,mean,22.606
14901,1,,11,PM2.5,weekly,mean,14.802000000000001
14901,1,,12,PM10,weekly,mean,31.366000000000003
14901,1,,12,PM2.5,weekly,mean,22.863999999999997
14901,1,,13,PM10,weekly,mean,54.246
14901,1,,13,PM2.5,weekly,mean,44.06
14901,1,,14,PM10,weekly,mean,49.562
14901,1,,14,PM2.5,weekly,mean,37.336
14901,1,,15,PM10,weekly,mean,51.29600000000001
14901,1,,15,PM2.5,weekly,mean,38.918
14901,1,,16,PM10,weekly,mean,48.636
14901,1,,16,PM2.5,weekly,mean,35.58
14901,1,,17,PM10,weekly,mean,47.134
14901,1,,17,PM2.5,weekly,mean,35.286
14901,1,,18,PM10,weekly,mean,50.844
14901,1,,18,PM2.5,weekly,mean,38.504000000000005
14901,1,,19,PM10,weekly,mean,51.162
14901,1,,19,PM2.5,weekly,mean,39.008
14901,1,,20,PM10,weekly,mean,57.504
14901,1,,20,PM2.5,weekly,mean,45.712
14901,1,,21,PM10,weekly,mean,45.512
14901,1,,21,PM2.5,weekly,mean,34.11
14901,1,,22,PM10,weekly,mean,31.482
14901,1,,22,PM2.5,weekly,mean,22.25
14901,1,,23,PM10,weekly,mean,19.541999999999998
14901,1,,23,PM2.5,weekly,mean,12.129999999999999
14901,2,,0,PM10,weekly,mean,13.672
14901,2,,0,PM2.5,weekly,mean,6.494
14901,2,,1,PM10,weekly,mean,11.948333333333332
14901,2,,1,PM2.5,weekly,mean,4.648333333333333
14901,2,,2,PM10,weekly,mean,12.376666666666665
14901,2,,2,PM2.5,weekly,mean,5.011666666666667
14901,2,,3,PM10,weekly,mean,11.909999999999998
14901,2,,3,PM2.5,weekly,mean,4.55
14901,2,,4,PM10,weekly,mean,12.458333333333334
14901,2,,4,PM2.5,weekly,mean,5.116666666666666
14901,2,,5,PM10,weekly,mean,15.088333333333333
14901,2,,5,PM2.5,weekly,mean,7.128333333333333
14901,2,,6,PM10,weekly,mean,16.023333333333333
14901,2,,6,PM2.5,weekly,mean,8.011666666666667
14901,2,,7,PM10,weekly,mean,17.995
14901,2,,7,PM2.5,weekly,mean,10.058333333333334
14901,2,,8,PM10,weekly,mean,17.651666666666667
14901,2,,8,PM2.5,weekly,mean,9.549999999999999
14901,2,,9,PM10,weekly,mean,52.093333333333334
14901,2,,9,PM2.5,weekly,mean,41.843333333333334
14901,2,,10,PM10,weekly,mean,34.83833333333333
14901,2,,10,PM2.5,weekly,mean,25.111666666666668
14901,2,,11,PM10,weekly,mean,33.93333333333333
14901,2,,11,PM2.5,weekly,mean,24.41333333333333
14901,2,,12,PM10,weekly,mean,40.190000000000005
14901,2,,12,PM2.5,weekly,mean,30.073333333333334
14901,2,,13,PM10,weekly,mean,44.58833333333333
14901,2,,13,PM2.5,weekly,mean,33.55166666666667
14901,2,,14,PM10,weekly,mean,47.44166666666666
14901,2,,14,PM2.5,weekly,mean,36.065
14901,2,,15,PM10,weekly,mean,38.835
14901,2,,15,PM2.5,weekly,mean,28.548333333333332
14901,2,,16,PM10,weekly,mean,32.53333333333333
14901,2,,16,PM2.5,weekly,mean,23.618333333333336
14901,2,,17,PM10,weekly,mean,31.981666666666666
14901,2,,17,PM2.5,weekly,mean,23.278333333333336
14901,2,,18,PM10,weekly,mean,38.95666666666667
14901,2,,18,PM2.5,weekly,mean,28.52
14901,2,,19,PM10,weekly,mean,47.47833333333333
14901,2,,19,PM2.5,weekly,mean,36.44
14901,2,,20,PM10,weekly,mean,54.800000000000004
14901,2,,20,PM2.5,weekly,mean,43.715
14901,2,,21,PM10,weekly,mean,44.355
14901,2,,21,PM2.5,weekly,mean,34.05833333333333
14901,2,,22,PM10,weekly,mean,35.468333333333334
14901,2,,22,PM2.5,weekly,mean,25.881666666666664
14901,2,,23,PM10,weekly,mean,26.618333333333336
14901,2,,23,PM2.5,weekly,mean,18.593333333333334
14901,3,,0,PM10,weekly,mean,23.91
14901,3,,0,PM2.5,weekly,mean,16.353333333333335
14901,3,,1,PM10,weekly,mean,19.168
14901,3,,1,PM2.5,weekly,mean,11.85
14901,3,,2,PM10,weekly,mean,17.278
14901,3,,2,PM2.5,weekly,mean,9.948
14901,3,,3,PM10,weekly,mean,16.776
14901,3,,3,PM2.5,weekly,mean,9.378
14901,3,,4,PM10,weekly,mean,17.384
14901,3,,4,PM2.5,weekly,mean,9.882000000000001
14901,3,,5,PM10,weekly,mean,17.84
14901,3,,5,PM2.5,weekly,mean,10.218
14901,3,,6,PM10,weekly,mean,17.881999999999998
14901,3,,6,PM2.5,weekly,mean,10.012
14901,3,,7,PM10,weekly,mean,22.058
14901,3,,7,PM2.5,weekly,mean,14.244
14901,3,,8,PM10,weekly,mean,24.264000000000003
14901,3,,8,PM2.5,weekly,mean,16.310000000000002
14901,3,,9,PM10,weekly,mean,22.566
14901,3,,9,PM2.5,weekly,mean,14.931999999999999
14901,3,,10,PM10,weekly,mean,27.748
14901,3,,10,PM2.5,weekly,mean,19.432
14901,3,,11,PM10,weekly,mean,32.730000000000004
14901,3,,11,PM2.5,weekly,mean,24.002
14901,3,,12,PM10,weekly,mean,70.18599999999999
14901,3,,12,PM2.5,weekly,mean,61.104
14901,3,,13,PM10,weekly,mean,75.69800000000001
14901,3,,13,PM2.5,weekly,mean,66.546
14901,3,,14,PM10,weekly,mean,80.244
14901,3,,14,PM2.5,weekly,mean,72.63
14901,3,,15,PM10,weekly,mean,43.406
14901,3,,15,PM2.5,weekly,mean,33.480000000000004
14901,3,,16,PM10,weekly,mean,43.628
14901,3,,16,PM2.5,weekly,mean,34.97
14901,3,,17,PM10,weekly,mean,49.69
14901,3,,17,PM2.5,weekly,mean,41.18
14901,3,,18,PM10,weekly,mean,55.056
14901,3,,18,PM2.5,weekly,mean,45.148
14901,3,,19,PM10,weekly,mean,54.386
14901,3,,19,PM2.5,weekly,mean,43.403999999999996
14901,3,,20,PM10,weekly,mean,70.41
14901,3,,20,PM2.5,weekly,mean,59.288
14901,3,,21,PM10,weekly,mean,61.814
14901,3,,21,PM2.5,weekly,mean,49.672000000000004
14901,3,,22,PM10,weekly,mean,44.762
14901,3,,22,PM2.5,weekly,mean,34.378
14901,3,,23,PM10,weekly,mean,35.903999999999996
14901,3,,23,PM2.5,weekly,mean,25.677999999999997
14901,4,,0,PM10,weekly,mean,34.48
14901,4,,0,PM2.5,weekly,mean,24.78333333333333
14901,4,,1,PM10,weekly,mean,28.349999999999998
14901,4,,1,PM2.5,weekly,mean,20.333333333333332
14901,4,,2,PM10,weekly,mean,26.802500000000002
14901,4,,2,PM2.5,weekly,mean,18.105
14901,4,,3,PM10,weekly,mean,24.8175
14901,4,,3,PM2.5,weekly,mean,16.8825
14901,4,,4,PM10,weekly,mean,23.450000000000003
14901,4,,4,PM2.5,weekly,mean,15.775
14901,4,,5,PM10,weekly,mean,23.105
14901,4,,5,PM2.5,weekly,mean,15.375
14901,4,,6,PM10,weekly,mean,22.8925
14901,4,,6,PM2.5,weekly,mean,15.0775
14901,4,,7,PM10,weekly,mean,25.6
14901,4,,7,PM2.5,weekly,mean,17.2925
14901,4,,8,PM10,weekly,mean,29.884999999999998
14901,4,,8,PM2.5,weekly,mean,20.9075
14901,4,,9,PM10,weekly,mean,30.1525
14901,4,,9,PM2.5,weekly,mean,21.2275
14901,4,,10,PM10,weekly,mean,29.317500000000003
14901,4,,10,PM2.5,weekly,mean,20.2125
14901,4,,11,PM10,weekly,mean,39.706
14901,4,,11,PM2.5,weekly,mean,29.439999999999998
14901,4,,12,PM10,weekly,mean,60.803999999999995
14901,4,,12,PM2.5,weekly,mean,51.862
14901,4,,13,PM10,weekly,mean,75.148
14901,4,,13,PM2.5,weekly,mean,65.97999999999999
14901,4,,14,PM10,weekly,mean,68.788
14901,4,,14,PM2.5,weekly,mean,58.742
14901,4,,15,PM10,weekly,mean,56.984
14901,4,,15,PM2.5,weekly,mean,47.224000000000004
14901,4,,16,PM10,weekly,mean,54.248000000000005
14901,4,,16,PM2.5,weekly,mean,44.798
14901,4,,17,PM10,weekly,mean,46.628
14901,4,,17,PM2.5,weekly,mean,35.852
14901,4,,18,PM10,weekly,mean,63.903999999999996
14901,4,,18,PM2.5,weekly,mean,52.98199999999999
14901,4,,19,PM10,weekly,mean,110.82000000000001
14901,4,,19,PM2.5,weekly,mean,102.56800000000001
14901,4,,20,PM10,weekly,mean,107.902
14901,4,,20,PM2.5,weekly,mean,98.8
14901,4,,21,PM10,weekly,mean,85.73400000000001
14901,4,,21,PM2.5,weekly,mean,75.49
14901,4,,22,PM10,weekly,mean,60.888
14901,4,,22,PM2.5,weekly,mean,49.98199999999999
14901,4,,23,PM10,weekly,mean,46.024
14901,4,,23,PM2.5,weekly,mean,33.738
14901,5,,0,PM10,weekly,mean,31.741999999999997
14901,5,,0,PM2.5,weekly,mean,22.91
14901,5,,1,PM10,weekly,mean,24.906
14901,5,,1,PM2.5,weekly,mean,17.188
14901,5,,2,PM10,weekly,mean,23.436
14901,5,,2,PM2.5,weekly,mean,15.572
14901,5,,3,PM10,weekly,mean,24.422
14901,5,,3,PM2.5,weekly,mean,16.216
14901,5,,4,PM10,weekly,mean,23.344
14901,5,,4,PM2.5,weekly,mean,14.906
14901,5,,5,PM10,weekly,mean,22.21
14901,5,,5,PM2.5,weekly,mean,13.84
14901,5,,6,PM10,weekly,mean,22.892
14901,5,,6,PM2.5,weekly,mean,14.306000000000001
14901,5,,7,PM10,weekly,mean,37.583999999999996
14901,5,,7,PM2.5,weekly,mean,29.514
14901,5,,8,PM10,weekly,mean,30.302
14901,5,,8,PM2.5,weekly,mean,21.302
14901,5,,9,PM10,weekly,mean,32.972
14901,5,,9,PM2.5,weekly,mean,23.156
14901,5,,10,PM10,weekly,mean,31.630000000000003
14901,5,,10,PM2.5,weekly,mean,21.648000000000003
14901,5,,11,PM10,weekly,mean,43.718
14901,5,,11,PM2.5,weekly,mean,33.372
14901,5,,12,PM10,weekly,mean,91.632
14901,5,,12,PM2.5,weekly,mean,82.78200000000001
14901,5,,13,PM10,weekly,mean,112.668
14901,5,,13,PM2.5,weekly,mean,106.546
14901,5,,14,PM10,weekly,mean,125.03399999999999
14901,5,,14,PM2.5,weekly,mean,118.316
14901,5,,15,PM10,weekly,mean,76.19
14901,5,,15,PM2.5,weekly,mean,67.78
14901,5,,16,PM10,weekly,mean,67.23400000000001
14901,5,,16,PM2.5,weekly,mean,56.722
14901,5,,17,PM10,weekly,mean,96.72
14901,5,,17,PM2.5,weekly,mean,89.662
14901,5,,18,PM10,weekly,mean,100.042
14901,5,,18,PM2.5,weekly,mean,93.35799999999999
14901,5,,19,PM10,weekly,mean,115.91599999999998
14901,5,,19,PM2.5,weekly,mean,109.088
14901,5,,20,PM10,weekly,mean,166.558
14901,5,,20,PM2.5,weekly,mean,160.098
14901,5,,21,PM10,weekly,mean,132.42000000000002
14901,5,,21,PM2.5,weekly,mean,123.782
14901,5,,22,PM10,weekly,mean,91.072
14901,5,,22,PM2.5,weekly,mean,81.63000000000001
14901,5,,23,PM10,weekly,mean,64.27000000000001
14901,5,,23,PM2.5,weekly,mean,52.148
14901,6,,0,PM10,weekly,mean,47.608
14901,6,,0,PM2.5,weekly,mean,35.988
14901,6,,1,PM10,weekly,mean,32.374
14901,6,,1,PM2.5,weekly,mean,23.232
14901,6,,2,PM10,weekly,mean,26.218
14901,6,,2,PM2.5,weekly,mean,17.702
14901,6,,3,PM10,weekly,mean,22.586000000000002
14901,6,,3,PM2.5,weekly,mean,14.803999999999998
14901,6,,4,PM10,weekly,mean,20.278
14901,6,,4,PM2.5,weekly,mean,12.886
14901,6,,5,PM10,weekly,mean,19.130000000000003
14901,6,,5,PM2.5,weekly,mean,11.782
14901,6,,6,PM10,weekly,mean,18.818
14901,6,,6,PM2.5,weekly,mean,11.382
14901,6,,7,PM10,weekly,mean,21.613999999999997
14901,6,,7,PM2.5,weekly,mean,13.725999999999999
14901,6,,8,PM10,weekly,mean,23.94
14901,6,,8,PM2.5,weekly,mean,16.042
14901,6,,9,PM10,weekly,mean,32.61
14901,6,,9,PM2.5,weekly,mean,23.118000000000002
14901,6,,10,PM10,weekly,mean,33.53
14901,6,,10,PM2.5,weekly,mean,23.96
14901,6,,11,PM10,weekly,mean,44.446000000000005
14901,6,,11,PM2.5,weekly,mean,33.594
14901,6,,12,PM10,weekly,mean,72.22
14901,6,,12,PM2.5,weekly,mean,61.996
14901,6,,13,PM10,weekly,mean,105.484
14901,6,,13,PM2.5,weekly,mean,97.826
14901,6,,14,PM10,weekly,mean,102.506
14901,6,,14,PM2.5,weekly,mean,95.956
14901,6,,15,PM10,weekly,mean,97.768
14901,6,,15,PM2.5,weekly,mean,91.35999999999999
14901,6,,16,PM10,weekly,mean,90.55
14901,6,,16,PM2.5,weekly,mean,83.548
14901,6,,17,PM10,weekly,mean,76.542
14901,6,,17,PM2.5,weekly,mean,69.282
14901,6,,18,PM10,weekly,mean,101.016
14901,6,,18,PM2.5,weekly,mean,94.712
14901,6,,19,PM10,weekly,mean,137.70999999999998
14901,6,,19,PM2.5,weekly,mean,132.736
14901,6,,20,PM10,weekly,mean,157.24200000000002
14901,6,,20,PM2.5,weekly,mean,151.884
14901,6,,21,PM10,weekly,mean,102.61799999999998
14901,6,,21,PM2.5,weekly,mean,93.316
14901,6,,22,PM10,weekly,mean,71.03
14901,6,,22,PM2.5,weekly,mean,60.605999999999995
14901,6,,23,PM10,weekly,mean,51.498000000000005
14901,6,,23,PM2.5,weekly,mean,41.318
14901,7,,0,PM10,weekly,mean,42.025999999999996
14901,7,,0,PM2.5,weekly,mean,30.356
14901,7,,1,PM10,weekly,mean,30.046666666666667
14901,7,,1,PM2.5,weekly,mean,21.27
14901,7,,2,PM10,weekly,mean,23.982
14901,7,,2,PM2.5,weekly,mean,15.906
14901,7,,3,PM10,weekly,mean,22.524
14901,7,,3,PM2.5,weekly,mean,14.49
14901,7,,4,PM10,weekly,mean,21.574
14901,7,,4,PM2.5,weekly,mean,13.346
14901,7,,5,PM10,weekly,mean,20.762
14901,7,,5,PM2.5,weekly,mean,12.504
14901,7,,6,PM10,weekly,mean,19.736
14901,7,,6,PM2.5,weekly,mean,11.474
14901,7,,7,PM10,weekly,mean,18.738
14901,7,,7,PM2.5,weekly,mean,10.632
14901,7,,8,PM10,weekly,mean,22.782
14901,7,,8,PM2.5,weekly,mean,14.388
14901,7,,9,PM10,weekly,mean,22.918
14901,7,,9,PM2.5,weekly,mean,14.752
14901,7,,10,PM10,weekly,mean,23.596
14901,7,,10,PM2.5,weekly,mean,15.45
14901,7,,11,PM10,weekly,mean,36.992000000000004
14901,7,,11,PM2.5,weekly,mean,26.910000000000004
14901,7,,12,PM10,weekly,mean,71.526
14901,7,,12,PM2.5,weekly,mean,62.444
14901,7,,13,PM10,weekly,mean,99.676
14901,7,,13,PM2.5,weekly,mean,93.56199999999998
14901,7,,14,PM10,weekly,mean,126.404
14901,7,,14,PM2.5,weekly,mean,119.87
14901,7,,15,PM10,weekly,mean,118.89200000000001
14901,7,,15,PM2.5,weekly,mean,111.90599999999999
14901,7,,16,PM10,weekly,mean,98.89
14901,7,,16,PM2.5,weekly,mean,91.676
14901,7,,17,PM10,weekly,mean,104.878
14901,7,,17,PM2.5,weekly,mean,97.064
14901,7,,18,PM10,weekly,mean,82.572
14901,7,,18,PM2.5,weekly,mean,73.672
14901,7,,19,PM10,weekly,mean,78.762
14901,7,,19,PM2.5,weekly,mean,69.94399999999999
14901,7,,20,PM10,weekly,mean,61.916
14901,7,,20,PM2.5,weekly,mean,52.153999999999996
14901,7,,21,PM10,weekly,mean,47.794
14901,7,,21,PM2.5,weekly,mean,36.980000000000004
14901,7,,22,PM10,weekly,mean,34.702
14901,7,,22,PM2.5,weekly,mean,25.22
14901,7,,23,PM10,weekly,mean,37.032
14901,7,,23,PM2.5,weekly,mean,26.778
